63240119.91505334,8429.803789338583,840271.8690886047,1489.451640318733,True,True,True,
61857524.25475484,8435.050634679064,765456.9383990773,2011.9881226712773,True,True,True,
61465078.55113383,8428.181992538313,714693.8407998725,1466.5391206989357,True,True,True,
60379174.62196637,8430.003873442442,702042.0972982924,1632.0575181751253,True,True,True,
62174596.59059529,8431.804071515786,717358.2444782989,1800.0144117399195,True,True,True,
60054106.05121052,8431.111753009582,735573.5798716428,1728.41892079993,True,True,True,
61544037.07695506,8430.332989408013,741442.2228508963,1649.1627490724152,True,True,True,
65567607.79026648,8430.032209459921,958011.9778957152,1431.3357128960995,True,True,True,
59995854.322442815,8428.376297808642,740634.121901779,1482.6549296490603,True,True,True,
60756326.49659407,8428.482702951665,693534.0014740222,1518.0246781006406,True,True,True,
60995405.790351704,8429.939647777464,730455.586376602,1608.829607087395,True,True,True,
62962776.887369975,8434.015173661894,737065.2262752516,1971.0181022186507,True,True,True,
61981948.80085963,8436.496467018043,743382.5667908033,2210.630783954534,True,True,True,
59777147.24661741,8435.81049765977,729928.1705020983,1999.9410915754286,True,True,True,
72571186.12235425,8436.31741387086,1388782.010082348,1631.1046062604107,True,True,True,
56036592.22348749,8427.988141431457,567358.0229967408,1427.270095812724,True,True,True,
57674478.471114814,8430.980195500219,662053.9531287826,1631.0164955457444,True,True,True,
58562962.14845237,8430.947111893382,619783.7310613813,1706.9183925450275,True,True,True,
81398894.38590235,8434.633424970276,1739120.1726415006,1268.6571550632418,True,True,True,
59110985.91253086,8429.111418167251,701481.5117649169,1604.930609756386,True,True,True,
79778886.06183206,8433.433827082381,1631726.1411795102,1347.810351723708,True,True,True,
79798244.20938149,8431.878473996878,1679957.848629124,952.4087536841982,True,True,True,
57909444.993123055,8434.891353090443,640939.2144547795,1873.0286753296577,True,True,True,
57175357.30169358,8429.067451462015,621091.5133731278,1514.7493616898737,True,True,True,
64179770.270775564,8433.501230255904,845559.8970994035,2114.608954474324,True,True,True,
56687282.90825947,8429.24205819769,627432.198719799,1511.4128565614176,True,True,True,
58817853.364166826,8434.460715167226,649771.7085412252,2039.6326546503356,True,True,True,
82596435.75785163,8435.532781722392,1855306.0248341016,1309.8088575292425,True,True,True,
59394022.25894977,8435.3557130845,652671.0230859668,1955.3749716454024,True,True,True,
77652272.05844642,8429.87275399404,1645109.6428400076,1198.4181223768699,True,True,True,
58669314.69081651,8433.719023099495,631339.546258456,1948.687871358822,True,True,True,
59923385.18951878,8435.757955958827,681798.2142658584,1966.91482055823,True,True,True,
56490135.68220099,8431.97563912561,587024.7689753807,1795.6544552452417,True,True,True,
56225533.38789086,8427.53490877873,588395.2077293933,1403.9929451042217,True,True,True,
79383650.22001812,8429.13797233271,1579506.4385536243,983.952244479354,True,True,True,
58693220.43364746,8429.165869000803,617515.2647113315,1548.2202573028007,True,True,True,
61713150.49017974,8432.309088411426,786862.3302669795,1685.2166165746428,True,True,True,
73244915.67791493,8436.089245602914,1274654.6101672563,1634.4920222695862,True,True,True,
77207356.90945809,8435.414906327213,1489273.0560369128,1473.6758093561177,True,True,True,
55999365.64805957,8428.441668424637,574321.4830319462,1465.935117436589,True,True,True,
60337936.84847694,8436.271047974482,731375.9470922577,1982.283546775422,True,True,True,
60970820.53861311,8436.748304372253,730932.2263038385,2007.6164081002405,True,True,True,
71382662.79791726,8430.018738962128,1283578.7232121672,1541.7700423438519,True,True,True,
71446572.5550469,8429.714661622773,1235966.1788024162,1858.1842592558298,True,True,True,
59439268.02562744,8434.179428218438,656016.0320111699,1960.6786072398402,True,True,True,
58697138.05640682,8429.928007318358,622492.9782365814,1596.0731098996403,True,True,True,
57901730.034795456,8431.99883369381,622176.5900602448,1845.0913808685416,True,True,True,
57640876.10844116,8431.361794539067,593439.8015612038,1738.4738753594131,True,True,True,
74753676.80507673,8432.720669236809,1426630.5313235233,1164.7044989359256,True,True,True,
60136470.76795302,8429.894096684755,691777.3555668083,1571.1402600115475,True,True,True,
58954013.392312974,8428.053368324692,646456.074091418,1476.4422261366806,True,True,True,
72007406.96924819,8428.225168165074,1338058.3529636816,1140.010553687079,True,True,True,
55658569.03919384,8428.623693778309,557392.2513183516,1474.5272995931384,True,True,True,
56922637.6684499,8428.750771384553,593751.6579505043,1516.1865276146293,True,True,True,
58217531.098575845,8434.130146266023,635644.1707225713,2022.0498120187206,True,True,True,
71946956.9573869,8429.285223235913,1355067.614221669,1115.772085047444,True,True,True,
86193011.88309026,8434.942875207498,2273691.642002934,1021.2125566132878,True,True,True,
58593148.29923521,8436.296993647356,661780.3325009057,1971.4750870497753,True,True,True,
67017501.40669542,8435.342632742602,1013146.1049529563,1837.6892882161073,True,True,True,
76683063.98839478,8431.32481860575,1580599.7070764601,1288.8362286292556,True,True,True,
60356348.634047896,8436.461681706183,744972.9097444253,2003.0290851702248,True,True,True,
57806774.94816146,8430.295614447477,619454.4229904163,1645.021083330418,True,True,True,
79766245.34553382,8428.710532175399,1724055.82276109,911.6011285348006,True,True,True,
61525190.49275138,8432.745976560227,741416.8077438478,1835.4083165358193,True,True,True,
59551848.38602763,8434.004869398832,641354.4995469718,2004.162944989747,True,True,True,
56941479.40665851,8427.707776634543,629130.6768636892,1396.9292468895317,True,True,True,
58519331.7091587,8430.76640811216,623088.8353699356,1718.3570265007556,True,True,True,
56595175.11170743,8428.065099083886,617890.5910017433,1450.681435550218,True,True,True,
59240987.82158421,8430.844484941934,634825.7591368799,1698.1682767023692,True,True,True,
60187211.583379954,8434.411034247109,667088.8076163227,2012.9693660182352,True,True,True,
58671176.665166184,8433.360963266889,661822.9023934478,1997.064566105142,True,True,True,
58374617.19872701,8434.305144041042,635861.9172544988,1937.2222329283404,True,True,True,
57439034.58288457,8431.294125967843,588216.7729046503,1732.2109189276346,True,True,True,
59384182.36445129,8436.2853837189,654806.1868228667,1970.8325554395924,True,True,True,
58024557.43636808,8435.275245230896,647614.1958752187,1958.8441560438469,True,True,True,
56770911.98492051,8428.547102936709,580131.2396745938,1498.9851085795024,True,True,True,
73704140.15378156,8434.390074713869,1284185.2017439848,1675.4636668621868,True,True,True,
59325812.181891546,8436.283766268916,711164.8613730564,1979.6005974160748,True,True,True,
59025999.35651542,8433.817872705953,667532.6093420214,1963.5718536321838,True,True,True,
57686338.3675108,8429.30442407086,626732.9166921824,1544.4275970840652,True,True,True,
72256027.71277638,8432.662666550861,1263520.621127477,1363.9003916177319,True,True,True,
55985152.07641439,8432.93622212129,587940.7665278481,1899.9166281249195,True,True,True,
56811274.56988562,8429.000204512102,572063.5588299457,1518.3606242927153,True,True,True,
57112584.76811453,8433.948350631756,614626.4513514747,1952.7681341206505,True,True,True,
56428376.2890383,8427.580995358921,563966.2591260914,1412.2439491048438,True,True,True,
57993244.14712299,8428.972660715031,618985.608240212,1507.7955082709177,True,True,True,
58416832.496205,8432.388467571862,633517.1351056441,1844.508148188863,True,True,True,
66460427.68471649,8429.149206015432,936966.7276021923,1507.7543440037264,True,True,True,
60214784.34059161,8430.448982520982,685719.472257203,1679.7407713269297,True,True,True,
59953129.37210163,8429.502569497423,667153.0979062736,1559.3827354477123,True,True,True,
59603145.05609449,8431.985443096984,709211.316574439,1769.550038566958,True,True,True,
58939955.600750275,8428.35092668351,666612.4979038626,1500.5237940160216,True,True,True,
60996634.56914364,8429.63534968292,692392.040525174,1579.122987401322,True,True,True,
60293960.394290514,8430.791097746733,695448.3537862386,1745.1770236384777,True,True,True,
60558836.13318505,8428.877076081299,682641.6231079873,1534.7063431273777,True,True,True,
59315693.81411957,8435.503069189479,652918.1861292992,1958.1188536112263,True,True,True,
56373813.591690905,8427.357252234984,606634.4184839603,1377.4273384947305,True,True,True,
58699143.342643656,8432.334713789916,641966.2047565597,1794.5593364524116,True,True,True,
75226748.54463172,8429.358429432561,1463269.1218075128,918.0062262074616,True,True,True,
55663812.59600026,8432.473698189742,588082.558660303,1823.8461510974448,True,True,True,
57844218.84503461,8432.954939761441,630130.3453734796,1941.5422790439152,True,True,True,
59288708.901001036,8436.188518887333,662621.6912460047,1969.825522452531,True,True,True,
57941530.30432871,8429.327911719138,645497.5568046517,1542.21345217521,True,True,True,
57787050.326326385,8435.536808862582,625203.6526041887,1954.106660172814,True,True,True,
75238496.65680046,8429.184241934698,1386222.2045572735,1260.9785778175099,True,True,True,
54823332.113536865,8431.827073699684,566011.0255737532,1765.191326200658,True,True,True,
62060936.8733711,8427.999339945141,733308.864398691,1479.2681069028743,True,True,True,
60763472.78253098,8430.36560268905,752635.0060833924,1710.876649249934,True,True,True,
67112432.26101023,8431.125402561785,983293.6498236138,1643.7093012647542,True,True,True,
62409103.857263125,8433.563936595674,726265.6393997666,1932.4869815164357,True,True,True,
61210634.625566415,8432.258198673097,726880.9100594964,1793.3751911437964,True,True,True,
59975598.78088199,8427.426447859212,735652.7330365744,1352.6631017754207,True,True,True,
63006271.18465817,8435.388395578613,742025.6607415219,2086.0562600376975,True,True,True,
60129195.110494465,8428.894725012475,709483.1333308679,1572.741299467215,True,True,True,
61281884.81989341,8431.544931078362,781610.1113018637,1770.8698585604213,True,True,True,
61086840.82818424,8431.487520079721,719022.0518522258,1733.0912182504176,True,True,True,
68850624.87727112,8431.339359537436,1067670.1991973459,1667.2117397041739,True,True,True,
81333129.3907285,8430.908036847704,1795885.9805487087,930.6720787081503,True,True,True,
62189642.89993212,8429.987740613653,775436.194956928,1588.1170328107085,True,True,True,
62962698.78851266,8436.262409646912,811912.1049124916,2159.6624216559358,True,True,True,
85903506.79605654,8436.427233501867,2174809.8658120004,1258.9363075596925,True,True,True,
55415300.900832914,8433.444078936214,574881.9662924777,1872.441508753839,True,True,True,
58276109.75582277,8430.31303615599,631967.8099502113,1645.0957357381542,True,True,True,
57361865.66815237,8432.810063156157,585000.8288114326,1844.4201913561617,True,True,True,
77013314.15456259,8427.931195958361,1550950.1707174017,988.2032189449684,True,True,True,
84242973.08616936,8434.644940670725,2049073.0666840044,1065.1816383782414,True,True,True,
61245367.92703745,8430.43647777978,747715.87033914,1747.5743360410772,True,True,True,
60584259.2639305,8429.88806231141,679629.8147472861,1665.6886416745235,True,True,True,
69264827.53381994,8428.811684388398,1156934.1738861473,1330.1417479747956,True,True,True,
56921808.41035154,8429.196891114021,607679.8381681279,1530.2285458037268,True,True,True,
57448485.978785925,8435.315898721541,626150.6148934669,1951.8516506205247,True,True,True,
57260454.52822355,8430.461348916328,646079.1502933032,1659.5772131840947,True,True,True,
78229895.33506349,8436.592121756343,1610078.6141526042,1224.4221488167623,True,True,True,
57396059.28940503,8435.206819958943,638223.687667117,1975.7393823536174,True,True,True,
56598538.052799456,8430.488549947933,553918.3248932814,1650.200257355269,True,True,True,
66145714.252560765,8428.360466816415,1045680.6297675408,1338.9476686929875,True,True,True,
60475354.79211214,8433.538839491583,715803.0028809072,1932.1990647906305,True,True,True,
85586068.24176382,8436.512122985212,2045172.340210954,1184.055550738056,True,True,True,
55383052.84743877,8432.066154367947,588826.9269063658,1711.4309807092734,True,True,True,
57349663.81125811,8433.998095195131,601727.9160042818,1918.6378279212665,True,True,True,
75335041.44393376,8428.155905944126,1496269.190731328,1108.349057670861,True,True,True,
81811947.86861844,8435.782566384516,1804382.5446259344,1256.5127022234765,True,True,True,
58988781.966292694,8431.7164347216,658493.282455348,1768.351874206575,True,True,True,
57622653.90964861,8428.325701536993,605859.2508649057,1437.170861599602,True,True,True,
73573732.75993362,8427.861274023207,1369526.0997155046,889.4814730046281,True,True,True,
79618582.62488246,8435.659913722895,1583751.471998076,1773.8556776877908,True,True,True,
57441487.67288934,8434.61369401096,618982.2242730351,1947.9076546328881,True,True,True,
74370818.49654877,8433.159818996377,1480290.278827296,1208.8482073159653,True,True,True,
59219582.83521775,8434.373486876453,642199.9242213145,1980.1826349898681,True,True,True,
57332826.92882503,8433.368586050314,585903.8985077634,1864.633882769484,True,True,True,
57100278.14744595,8428.001135434088,604404.7283286661,1423.8074728390402,True,True,True,
77200797.8933608,8435.446248337748,1453390.1886743286,1585.903578777571,True,True,True,
56663201.95040662,8434.59962876275,621064.125973908,1947.6915288927412,True,True,True,
68788501.69178428,8430.622062708604,1192636.7366619129,1367.2588176770178,True,True,True,
57831471.66073247,8433.741330876304,601489.6251323244,1876.2606912324504,True,True,True,
59389976.81863036,8435.863989763555,689453.6091440626,1969.5618008509337,True,True,True,
72382853.20440352,8427.575771057418,1206329.2362914495,1482.5080431762099,True,True,True,
84552657.86612958,8432.417365498433,1974063.6772996667,950.8596501715516,True,True,True,
55448122.49954857,8429.588540052906,568049.5930005889,1567.8079659231828,True,True,True,
73599308.86546281,8434.343952049985,1420521.7199768762,1636.5059752169943,True,True,True,
56721558.99979112,8432.276862010021,616677.7342496415,1826.2380845391856,True,True,True,
58426407.40709049,8434.236975084226,665634.1243816476,1939.973349253662,True,True,True,
56916726.66682481,8435.380399541154,622613.9047770253,1918.7462937164973,True,True,True,
56671266.49016382,8434.195170879482,616849.718416041,1955.3870776525512,True,True,True,
59330355.34455949,8436.14585867109,642772.487723242,1969.2198983958588,True,True,True,
57133813.46590035,8431.932893725238,581856.0425200046,1789.6647239435354,True,True,True,
67987088.55965595,8434.74205596555,1005745.9681610689,1683.8119859471863,True,True,True,
56212957.67067566,8434.501994528517,590747.9701901159,1919.4336936550028,True,True,True,
73354255.4559582,8431.947548916009,1301132.3526742137,1214.6021195854719,True,True,True,
77850213.45139228,8431.735331549035,1713435.5859370308,1046.2792096047174,True,True,True,
56246949.7255401,8431.220949400304,619624.9321622663,1720.2402561043423,True,True,True,
56395904.05182045,8428.401108184915,581208.7368961099,1457.0933017446216,True,True,True,
57352008.806201816,8429.31683810242,632735.3756009203,1588.4529172655887,True,True,True,
72890875.60427403,8429.296124193776,1304960.4943157656,1095.8452772665378,True,True,True,
78833121.7328283,8431.781042934936,1688123.8818543488,1049.3250099631675,True,True,True,
55729652.299789,8429.827168192887,574844.834778491,1594.7457539631107,True,True,True,
56955932.90295409,8433.896975815376,606338.2454113318,1916.2522828289184,True,True,True,
56342229.80989882,8432.88895553144,606358.038456728,1783.8853915113964,True,True,True,
62147230.85194805,8427.294328653128,795951.1547871724,1387.066343025048,True,True,True,
61373685.374309644,8434.730965989882,686061.2982190764,2063.323773251302,True,True,True,
75078296.28236201,8431.453591338095,1482378.6329951747,1136.7801382596099,True,True,True,
78300703.46940282,8433.482410854082,1531179.6239252407,1475.932464480423,True,True,True,
79471410.52614076,8435.029504825783,1674969.2520331452,1737.3666367564222,True,True,True,
79236993.62065339,8436.120253321784,1563170.2528591943,2299.633751096012,True,True,True,
77698145.82746261,8429.041925356785,1628737.7783850208,840.0369205253754,True,True,True,
55981388.202670574,8427.429654502177,600605.3842563079,1380.3393982200778,True,True,True,
71983053.2140283,8430.515463758873,1189201.0603017034,1315.4485796912568,True,True,True,
56448796.24424877,8427.761925138799,570313.2952558564,1436.8786002105053,True,True,True,
72939653.33638354,8432.53424102804,1355510.854037615,1278.7247025723054,True,True,True,
57301205.3638374,8434.44162806697,587423.3573771139,1938.1566410961193,True,True,True,
58508513.728528336,8432.603628376533,626123.3092320875,1881.7062234878895,True,True,True,
58632859.953365505,8434.65824743656,636231.6827704775,1910.3555299976276,True,True,True,
56920337.19990537,8434.113980387423,637157.7562017674,1927.9563750346683,True,True,True,
56093418.288878314,8433.51080660156,571075.5607776121,1813.8607169772404,True,True,True,
57655793.05480864,8427.768183788243,616010.325442921,1403.4859736347055,True,True,True,
72217840.41861908,8428.018118841705,1310719.7259398561,1025.8638107714817,True,True,True,
60333348.38224272,8430.235482468133,758174.3611328806,1633.0755509007663,True,True,True,
62635070.93357251,8432.684799519193,763804.7554973678,1869.7932812043223,True,True,True,
75720678.04358909,8427.669427848401,1526768.1761440611,828.7976263268438,True,True,True,
75558133.43389763,8436.025756325116,1404508.9272140074,2155.0734758958197,True,True,True,
59001021.88167016,8433.800582312851,621931.5807853914,1967.8857341701662,True,True,True,
59663531.86740162,8436.046093139345,712699.2231452969,1975.1683073846577,True,True,True,
59381270.93924197,8436.226272824484,712430.6872583549,2008.5674884322298,True,True,True,
70474181.02055381,8433.874004316433,1125159.1744663275,1641.3091334521694,True,True,True,
73013073.57426968,8435.04165799874,1258843.848409602,1643.3728952288664,True,True,True,
61533837.390675716,8435.838331279492,716082.3677832253,2039.441947249856,True,True,True,
81386232.89331596,8430.642640105327,1846264.5021684773,1087.3635384849242,True,True,True,
55507595.789101884,8430.696271391058,568339.4009721486,1685.6892940442929,True,True,True,
73889717.93231595,8432.497070524429,1368738.8781313247,1194.2769990975005,True,True,True,
60301816.167684,8427.609681222717,647600.9690372698,1403.057266478054,True,True,True,
64426298.175429665,8430.862226578758,933338.3412416095,1524.8877595383778,True,True,True,
76103569.73142071,8435.520100380003,1540594.095969965,1509.7037396254966,True,True,True,
56429575.43304318,8433.117989344893,577673.7480582292,1872.4006381014663,True,True,True,
57723737.95972644,8432.763921745569,582981.2574995179,1825.3099505784794,True,True,True,
57543382.44128422,8430.401796596805,617842.5131152223,1658.5481157896072,True,True,True,
58065171.183172494,8429.861848863693,614268.0506126247,1605.5480399731043,True,True,True,
62925249.702569775,8432.873693597863,806819.3161272508,1869.5236460588922,True,True,True,
87702559.16318677,8435.557239069998,2292839.3225063724,1001.509769506458,True,True,True,
55941931.5381491,8431.76917293553,581301.328396052,1791.293710178407,True,True,True,
76833621.61744122,8427.868012107501,1613963.5142373599,982.0823985646507,True,True,True,
65348508.40182843,8430.129114923195,938021.9918379914,1690.612118008942,True,True,True,
60016731.472689934,8430.394333676977,679788.8130866977,1683.6972172744474,True,True,True,
59968646.29160758,8431.083191942116,679517.1437820315,1757.0456236340322,True,True,True,
59938174.83374586,8432.365243852566,690626.7670399495,1822.8860733898887,True,True,True,
59940294.92592002,8428.265190190368,657272.297028704,1499.6370550366796,True,True,True,
59699629.41224311,8431.185312609769,707082.3981804405,1731.6261360568762,True,True,True,
60265785.8069039,8433.298674838861,666032.5748727496,1944.7447822307656,True,True,True,
60190330.33213014,8431.817892680967,661450.4178119289,1753.9331548789798,True,True,True,
64066960.52969571,8436.212380148403,842773.0291055565,1746.1093096614643,True,True,True,
55737559.81201364,8428.475033099878,576271.7214821065,1449.5606400650192,True,True,True,
58694815.80243342,8427.919395277773,667720.2898982216,1444.9078459723569,True,True,True,
59994047.985478304,8433.671176139616,685047.3901952021,1919.6092368647116,True,True,True,
59389868.69434963,8436.331072470724,697222.1135837482,1977.9901987402277,True,True,True,
58975352.29355549,8432.978497614231,698036.8499724261,1909.4317534457912,True,True,True,
58801787.288509555,8427.484363063446,618480.748955364,1392.9578786415234,True,True,True,
59226504.9475986,8431.316187767552,647072.2249693451,1748.1820713155114,True,True,True,
56577868.9874423,8428.493681252749,631967.4998567357,1506.6223517140402,True,True,True,
75216299.37249711,8431.174437099678,1366460.620341024,1117.2955750507542,True,True,True,
59445236.05197344,8432.90096291805,706011.2181520535,1940.5374493076001,True,True,True,
61825078.0973628,8436.689777150721,733011.9210755692,1991.3444871581253,True,True,True,
57250989.07703167,8433.318926382804,639515.9321622474,1882.0615597944136,True,True,True,
57795608.83841824,8432.67356246602,627017.4709124534,1866.9279336300983,True,True,True,
60286050.0066869,8436.01241868815,698306.6087025213,1838.4768602739887,True,True,True,
70445286.71684097,8432.573127818052,1114478.122162758,1568.0927519146912,True,True,True,
58150858.333237976,8429.841461664248,602942.8334349521,1617.3301904433765,True,True,True,
78270624.7115231,8435.939758530645,1549843.252703333,1535.6552403875378,True,True,True,
56586872.42480343,8430.713089416971,586598.0479912766,1661.8004160725452,True,True,True,
59382324.68963768,8436.408152804237,667012.7026784482,1969.508665813114,True,True,True,
60629389.78418803,8434.728719366743,713248.5399227423,1844.7230719016254,True,True,True,
57185309.837564275,8430.801172106165,586122.5173464533,1693.9099304210017,True,True,True,
56143212.8665015,8433.401168649121,604984.4029742747,1881.831411310283,True,True,True,
58406093.94971674,8433.066515675222,645728.1328615689,1840.2755486271774,True,True,True,
68751067.4651977,8427.961817524643,1029307.6607784566,1279.3405004870274,True,True,True,
59908452.97563747,8436.061857058552,676456.467177198,1971.8033962695863,True,True,True,
58659874.183788314,8433.03366889319,653294.2408533244,1951.7666815628957,True,True,True,
57324818.36968524,8429.482101497266,621274.7377914324,1583.5160069349708,True,True,True,
85581646.88134196,8436.371183372434,2114846.4773335047,1111.8360758903464,True,True,True,
59799076.27847565,8435.981234888286,718250.9749240568,1974.0575100712022,True,True,True,
59433054.55641945,8434.337245965891,711620.349136149,1965.0709054833042,True,True,True,
59468513.31831072,8434.994923599195,714487.0304755504,1987.433451834396,True,True,True,
55590569.358535804,8429.011855224882,569296.7817736499,1500.7747689952646,True,True,True,
56949034.69039877,8433.549181508683,580476.446896365,1892.2092315689986,True,True,True,
55106093.5484208,8431.024923073754,557816.575471497,1643.8385068232355,True,True,True,
67172282.92685452,8432.949132033338,959223.6546686492,1691.3334021655617,True,True,True,
56646209.666075855,8429.389560399648,633651.706281912,1544.8099721578933,True,True,True,
58386987.752671815,8430.629486247468,636544.5898106097,1636.9489068934865,True,True,True,
58810858.25771814,8428.328824595243,649024.2768641984,1468.1112794324151,True,True,True,
80149132.68754046,8434.508052625151,1715280.4708279409,1374.8399919019778,True,True,True,
55649343.46847864,8434.47116450559,592020.9705633926,1932.30561560144,True,True,True,
65861570.31148426,8433.575575017587,964400.4555197831,1692.41346615476,True,True,True,
55665040.76755738,8429.215377868411,583799.2913419448,1564.5912054877865,True,True,True,
57041339.39602011,8428.17173651614,623814.9164545602,1455.2807827695622,True,True,True,
59408715.191184714,8431.938375698453,686817.2461950057,1788.4707577614688,True,True,True,
57440810.42106011,8432.265557165456,632039.425602337,1791.9684032932432,True,True,True,
64929307.41623884,8435.461964362881,908707.3118224171,2215.540952010259,True,True,True,
56470061.178046174,8432.149183599213,569309.7927664585,1824.8406941236283,True,True,True,
58508612.60735228,8434.913211987587,693002.4903086174,1965.1742264823747,True,True,True,
59282851.53405805,8434.551580933694,689183.5953058857,1995.7897556776713,True,True,True,
66146325.35291188,8433.827469849039,931087.1092075052,1726.9367366439435,True,True,True,
80337169.18872936,8433.198293474752,1748960.3070511036,981.252750303051,True,True,True,
56214209.53870998,8428.554330605777,557006.3073512634,1474.4189001131974,True,True,True,
65345552.7677651,8436.47997546245,939803.9929173042,1816.364581292292,True,True,True,
57362198.97543516,8431.050381262286,637543.5757985358,1706.9820667959177,True,True,True,
61660197.48457418,8431.636446117342,737749.7958994481,1718.0856682282597,True,True,True,
56338648.29567296,8429.459568919112,617156.0272731672,1571.468186553537,True,True,True,
58178564.507513404,8428.701126849739,614716.5995224216,1481.6136890177554,True,True,True,
82199431.13393602,8430.95507932626,1966834.5047030281,962.2054578885865,True,True,True,
57775762.40095372,8428.294341812349,603355.7062750118,1471.9943530075593,True,True,True,
61559256.82051823,8436.793994982258,734521.3301546562,1994.1642058190475,True,True,True,
58807603.7566994,8432.79285535634,648331.4294498577,1892.3371293714777,True,True,True,
61036606.1145776,8427.725698649278,743888.7013062687,1362.0884667778414,True,True,True,
59193023.18833341,8429.91319110249,671997.9587396221,1662.1606575029143,True,True,True,
60363417.67211628,8428.312250918867,731725.1178908341,1507.0482834825193,True,True,True,
62004309.100020625,8428.104244361362,744276.8062850902,1440.0026336654075,True,True,True,
62984854.97712277,8436.470505819218,821972.5525344466,2200.9319414286,True,True,True,
64600345.79616848,8431.885742379272,844132.2221850863,1801.8466995384338,True,True,True,
64556175.447960444,8436.685660672742,891428.8375373107,1845.5498080205064,True,True,True,
54688635.61188862,8430.658205484318,561357.9496359169,1636.990225700415,True,True,True,
65672552.783729754,8428.928207768739,964250.2509472817,1433.7101335521731,True,True,True,
57272306.529237695,8432.002881567345,625651.129627432,1841.2066378775226,True,True,True,
56986197.7325029,8435.147409906225,615309.7371229497,1947.349361230082,True,True,True,
58334280.70901216,8427.84990504454,613172.3178364534,1416.0443179704369,True,True,True,
62201462.349944025,8433.219501395592,800143.8055650039,1698.1817794942026,True,True,True,
77451906.02642862,8431.593319724452,1585415.071218252,954.7970549529417,True,True,True,
58117301.50690183,8434.119426587284,611977.3780179538,1922.7685264653621,True,True,True,
77418895.13222367,8429.646629002513,1636937.02441163,1134.8964136057461,True,True,True,
82916359.71063335,8435.05832015411,1837720.5900320355,1204.717664299528,True,True,True,
59709042.67742609,8436.361970489854,686489.2598826602,1979.2379043941155,True,True,True,
55798392.8815114,8430.87771696701,567312.3994000877,1710.4925270162717,True,True,True,
77639483.36471386,8428.728660454863,1626446.0977121165,1040.3963000623287,True,True,True,
60588448.84580071,8431.921069535147,690540.3780845302,1752.908883607925,True,True,True,
63938375.67678554,8432.922626229212,898819.2499038811,1836.6508094179521,True,True,True,
65410154.31972834,8436.343330951495,953793.4543004007,1868.4369284586483,True,True,True,
57024214.241334125,8433.07789126256,596690.1359611454,1845.989756054132,True,True,True,
59018700.31239457,8434.761856803521,629357.7893367775,1956.8448660625118,True,True,True,
59143045.67267649,8435.826402009017,655665.1985658429,1964.7084648362918,True,True,True,
57284936.64561534,8429.752764952198,629653.5285258995,1603.7905889209776,True,True,True,
58638327.87477644,8430.733905160472,678920.6109794647,1676.3167637179652,True,True,True,
58759635.64560263,8427.738411434673,631767.3475958783,1449.4839608560683,True,True,True,
59613314.743874215,8432.616877043758,678077.3744489515,1872.3194748301516,True,True,True,
60002564.26715982,8434.10073485916,702806.7506164799,1977.4650478111937,True,True,True,
59494755.39274594,8428.933168148285,673552.6836463859,1508.6540978786547,True,True,True,
60345138.81679066,8430.99468256533,661920.8726228708,1709.1750305378653,True,True,True,
75479223.5535924,8433.138464813002,1514827.0494954607,1533.7320872235487,True,True,True,
56270093.58388688,8429.551675780822,574899.1418534678,1569.8804059966326,True,True,True,
67408861.71208559,8431.302603761274,1066091.3848319189,1550.3774500141385,True,True,True,
57653471.08112302,8433.464469162122,593223.1231825445,1925.2761252472055,True,True,True,
57628247.57858732,8433.777571773911,623338.6723737505,1930.5301603682838,True,True,True,
57854661.57421811,8435.713043488071,644377.8976358471,1962.3337217630772,True,True,True,
56305831.379749425,8432.485135441031,575862.72351957,1843.7895648530098,True,True,True,
59654670.55775857,8436.701226263913,657435.6193849547,1971.8831991857985,True,True,True,
56901531.76376645,8431.159026880581,594423.5650857536,1719.5946031466947,True,True,True,
57880158.046714306,8434.030657698482,602797.2431759044,1919.5583766437358,True,True,True,
57857821.92354059,8435.589431142238,637024.3376059418,1959.4932488083057,True,True,True,
57755097.05394735,8433.77385649609,603939.7369401496,1901.5255572915632,True,True,True,
58458610.9695742,8429.218904797559,631589.3599670978,1525.6093272497376,True,True,True,
58501507.31151854,8435.109223994194,640494.0725378207,2073.0547614530933,True,True,True,
57500253.652615055,8427.905149942944,653484.8177367949,1435.197195152519,True,True,True,
59208451.03008898,8434.773527664123,654418.1450316301,1955.4065591041347,True,True,True,
85002794.04912862,8434.84923995319,2053403.267736333,1069.5809321218053,True,True,True,
83661846.24939755,8428.834369578186,1949362.5968298255,2151.0196179979125,True,True,True,
55900143.17675499,8430.816050181907,574429.5190516674,1688.5480105252668,True,True,True,
58607108.38362536,8427.748102936182,652091.1249764545,1369.4902511934172,True,True,True,
58377081.211082764,8434.698428290663,612140.2211198827,1950.4180012908184,True,True,True,
83731428.30679063,8433.26638916243,2064393.9174265831,1018.068694904039,True,True,True,
83387685.01457465,8433.420672938031,1992220.629028453,2547.293641648158,True,True,True,
57004533.989089906,8433.256864642737,596347.2078082709,1856.832980405274,True,True,True,
57846297.12127798,8431.578760893328,640487.3258583382,1760.168439028083,True,True,True,
60283129.54291314,8432.835340744254,785048.0648507077,1711.8313642895064,True,True,True,
57215418.78191822,8432.202745838445,603870.2024647824,1763.7344181342673,True,True,True,
56992357.2151007,8432.851776562931,628204.5390411323,1837.3429673066828,True,True,True,
57102028.545798175,8433.35255248712,589887.2243320467,1895.1039878873166,True,True,True,
85178712.72010884,8436.032712325143,2004234.241962716,1109.2552155532558,True,True,True,
56480154.46691513,8433.728502609842,572512.5183732759,1893.9865577009248,True,True,True,
56607877.28975458,8433.831027506496,636419.3015501563,1965.7604321550382,True,True,True,
56535719.17355452,8428.235188944243,558836.8554501573,1455.2241759041797,True,True,True,
74145457.1031815,8429.652194064744,1304993.1806698628,967.1626728549169,True,True,True,
56058546.61916504,8432.512258456747,585221.1882050777,1870.0519889804443,True,True,True,
55456469.44861191,8430.433129177627,589374.5230495862,1601.0713140915307,True,True,True,
75320628.0807959,8433.613992303892,1392140.8971785828,1171.885763271578,True,True,True,
56022884.45865408,8433.192512728854,596676.7046934883,1866.3747261911312,True,True,True,
56388658.88781492,8432.541233737966,574610.9678161859,1822.911383083131,True,True,True,
82249622.38843942,8431.560064879317,1804988.0881356634,888.195001129006,True,True,True,
56740051.45027862,8427.478885055067,587502.2589796251,1386.5686512288817,True,True,True,
59592749.65638059,8436.15320946362,674179.6076701027,1972.5725009033415,True,True,True,
55891133.36331199,8428.260268519385,599319.2881339543,1482.677096421676,True,True,True,
59356106.50310308,8434.820211060096,705573.9762788565,2075.8753567267804,True,True,True,
58970771.956530705,8433.005162728128,639576.4279059203,1901.0277351063378,True,True,True,
56148382.16728,8427.553229329807,615044.5171037792,1398.2861234996212,True,True,True,
59057209.63277133,8431.205918321602,655969.4035563665,1707.682060282228,True,True,True,
58537962.3994173,8428.432356849014,622101.650894427,1550.6297099898695,True,True,True,
74488067.50798714,8435.114331105782,1288129.9662033995,1841.1267893661857,True,True,True,
73055041.42837302,8429.71321142126,1377546.4699385203,1045.2396232043952,True,True,True,
59439266.78640597,8435.451407604583,671340.3297385933,1966.4586971034287,True,True,True,
57646175.20546245,8428.20290188874,631969.2990413713,1442.4533909393183,True,True,True,
57877275.60400821,8429.837180553346,633128.5866968426,1668.024294736,True,True,True,
59905367.77514659,8432.915397542254,670603.0338173121,1869.16898484035,True,True,True,
59189392.351690024,8435.805585243386,662798.3815007266,1966.2220279435141,True,True,True,
75715044.72694388,8428.526643296636,1398852.522578818,1222.9157275027783,True,True,True,
55580862.29186423,8428.853718677146,579144.4345368366,1511.6566996983902,True,True,True,
58978251.27978574,8436.522345401925,685415.5935394043,1974.7328548737223,True,True,True,
72111484.94248645,8432.432549643701,1221464.9220181615,1486.4098217311287,True,True,True,
77024119.60707824,8435.266051456276,1487686.7482733454,1397.4078250707582,True,True,True,
58347772.01649993,8433.584810748474,654962.9977951436,1856.2260994145054,True,True,True,
55753681.58205031,8429.39658260229,595895.1047261886,1537.2270074717032,True,True,True,
56975120.658156306,8433.650963952163,630235.6242390439,1925.15662991175,True,True,True,
56627905.20484346,8431.673367839821,612061.9115744386,1698.007774529296,True,True,True,
57040778.48056156,8429.15452441558,599638.2806769573,1546.0352618335303,True,True,True,
85425663.77716501,8435.733603039285,1964116.2456433834,1060.3796812860721,True,True,True,
57331205.344444394,8431.16415233474,616457.2262226295,1660.6981071475388,True,True,True,
60050567.761846244,8431.496498010527,706960.6883309283,1738.3190729836926,True,True,True,
59690828.66316727,8436.08211887533,730258.6528604133,1977.158122565285,True,True,True,
56183257.117351525,8430.992342343208,606908.9126202624,1708.119792200329,True,True,True,
56080467.05697515,8434.213499285019,582188.8940770141,1927.0372420764506,True,True,True,
71201250.0886721,8429.338888737124,1202380.6996891177,1143.302049222727,True,True,True,
70654150.28167649,8432.291806487172,1133672.2914953711,1841.3676996893385,True,True,True,
70761323.05394135,8433.38159834722,1167448.367546882,1542.1985802618922,True,True,True,
58657661.180313244,8433.904075580815,655260.6732702457,1921.691572011154,True,True,True,
63275890.714684546,8429.52887373587,861771.8898606041,1355.649928610204,True,True,True,
61721675.30817391,8429.993310703137,784101.1113896952,1621.070771176062,True,True,True,
57921396.57135173,8430.611042687337,633459.9740251185,1663.7175859922775,True,True,True,
58657756.517975055,8433.098344726784,645180.5311537053,1902.017534138046,True,True,True,
58402931.33057633,8427.445786903334,683857.7383490703,1459.1568251794806,True,True,True,
71832769.71928543,8434.493824137086,1198741.7601517807,1838.6252325436071,True,True,True,
57399691.53830214,8435.907151246094,660597.0880994793,1966.013584802819,True,True,True,
56995232.704559185,8431.1082382367,581679.8897714708,1716.6676686308635,True,True,True,
56459770.29242686,8429.684106959816,607901.965183529,1602.2179403250473,True,True,True,
58274780.25673918,8436.309728176311,644685.4442207996,1964.5168380935684,True,True,True,
80628904.12389447,8430.852260057014,1798602.5961659895,1095.259772219634,True,True,True,
80987187.44366716,8434.973925329072,1842830.706812739,1109.1968329830604,True,True,True,
55996519.715948485,8430.497760421033,547752.3326658203,1642.8530049488975,True,True,True,
78335640.73746502,8428.078592225165,1722882.2105151678,892.678405349536,True,True,True,
60590769.944206156,8434.276740066109,732626.5563538523,2000.192131806561,True,True,True,
68518193.77906965,8428.583900798594,1088318.2474758723,1326.3788387082116,True,True,True,
60088534.248265214,8436.656347487058,688009.9469329412,1979.9632600828509,True,True,True,
63257496.75882675,8436.453106635652,914046.1708127259,1943.8441634066573,True,True,True,
56352561.30170574,8430.873786143391,566225.1536872922,1702.0527968279623,True,True,True,
56066077.35753922,8432.88395415653,606018.9613594324,1825.2053685280778,True,True,True,
56332770.86193176,8432.246865047353,573014.6459839661,1808.8393944937932,True,True,True,
60458190.06891167,8427.680633687696,773669.40140784,1338.4793544051197,True,True,True,
58227610.5442394,8435.747246064744,633483.2687729577,1958.0268141930378,True,True,True,
59165016.70627584,8435.287071058292,673366.4499983082,1976.403111341589,True,True,True,
57753143.61807624,8433.275333858011,680305.4251999882,1879.536654768143,True,True,True,
75199424.48848586,8434.09371735715,1452975.2241887352,1333.7232533774022,True,True,True,
74757945.23340082,8429.564796284258,1354039.461239591,1949.7522259438815,True,True,True,
57044064.39847881,8431.232678092647,620339.6192945279,1726.3235793079684,True,True,True,
55286704.621269405,8429.493124449284,581258.750176864,1560.2861565061976,True,True,True,
63754340.81598344,8429.410017905338,856444.9716757897,1341.4277247077732,True,True,True,
67778445.84988621,8429.693785559775,1077545.2880666838,1326.0669038971234,True,True,True,
55525151.90632811,8429.37791374096,546843.2304160305,1544.2218037705297,True,True,True,
56735589.69478015,8432.369835201087,597983.2126667348,1806.3621468754654,True,True,True,
58310134.32245789,8431.371685405531,608608.6394472147,1640.0280915340898,True,True,True,
57633452.45778148,8432.024263304525,623293.2446618336,1786.5825754622697,True,True,True,
76012829.64031945,8433.044774062826,1512378.241424234,1109.6408605565948,True,True,True,
59034187.55967406,8429.787265831757,651130.2407034745,1649.1099556922252,True,True,True,
58667549.61576036,8433.639504825222,640371.6100273922,1978.4673227360545,True,True,True,
57305622.388949536,8428.79668215149,657549.0974643105,1511.8878319208602,True,True,True,
70698888.30865368,8428.647972859366,1300516.219761037,1164.2322488069672,True,True,True,
57763323.16391923,8433.307378154024,610338.9753110966,1889.557038784958,True,True,True,
57997980.722899355,8427.303676431731,596563.0450459187,1372.1298831023214,True,True,True,
58733032.10114067,8429.568856850372,630253.6064077913,1603.4037506467043,True,True,True,
59708099.85533165,8432.994849707471,644521.1248416458,1888.2485600803407,True,True,True,
56939269.17293669,8434.032246491313,634060.3215899211,2001.2286033979924,True,True,True,
57517981.79332853,8434.152797828947,608648.4623942607,1925.5199984577307,True,True,True,
59658764.3892072,8427.781681818404,706148.7598477926,1409.725339785815,True,True,True,
60451166.370941155,8433.209751964636,707296.7144711191,1888.1109218858126,True,True,True,
73813667.46120782,8427.878178639296,1477380.259031003,914.9401571764588,True,True,True,
61825692.1098297,8427.394270528976,725332.2014157467,1428.9589335437072,True,True,True,
81267919.20216304,8432.239316184668,1860791.0787278279,1250.1145607306914,True,True,True,
81724756.01074238,8433.121496709224,1705010.98889002,1721.2251743991142,True,True,True,
80719361.10266705,8431.25324758686,1720006.528205319,1021.3335203553465,True,True,True,
58656442.02108931,8436.552580931666,669707.0280427719,1973.8660936934873,True,True,True,
61802296.37329956,8436.622596452076,745097.6652934233,1985.546030898681,True,True,True,
56486637.25398218,8428.753017050773,580896.0028635853,1489.5789808848328,True,True,True,
58381730.45093718,8434.795828988854,625926.5774620837,1955.305068158663,True,True,True,
82430542.31518643,8433.016752598774,1916010.2057977153,1073.0520314671003,True,True,False,
55744088.163721524,8430.417106856046,585692.6594665616,1637.040736189859,True,True,False,
57380496.44433155,8431.036558823744,585813.9126739734,1690.6975264861765,True,True,True,
73998471.9865322,8432.17913502356,1383807.3878198941,1106.5636455807696,True,True,False,
57488118.80585596,8432.45818356665,597192.6876585445,1775.5160980420017,False,True,False,
58502293.404506095,8436.587422073955,665829.0741180897,1967.609358650771,True,True,False,
73500315.48594862,8436.198769252325,1324514.0695254542,1601.0075755329037,True,True,True,
55902177.52891812,8427.464482953736,608969.544418438,1381.718135618536,True,True,True,
57396851.326302305,8435.240511783913,643490.6320641278,1887.42994088885,True,True,True,
58730079.70974868,8436.3922746372,671565.692487768,1964.88343756843,True,True,True,
56361655.33546333,8428.604834948124,563966.0216942725,1474.1694809565024,True,True,True,
59297469.06626062,8428.946105731009,625478.2903883201,1535.9888307638437,True,True,True,
79837249.94261363,8432.758073044943,1717856.2434996772,1241.8957539198516,True,True,True,
80370872.71724045,8432.110655447546,1800538.751644373,1695.232616955538,True,True,True,
80774336.84728351,8435.402565614693,1721033.7975061482,2080.461577261665,True,True,True,
60922686.00926995,8427.590560946132,692527.7590224361,1405.2988323144546,True,True,True,
61497193.153517865,8434.360730336377,730017.0443416191,2036.8948770167324,True,True,True,
75332088.18736479,8428.77726614434,1565894.849774079,905.6732460393723,True,True,True,
57050636.33230819,8427.827416029111,569527.2928233985,1431.2588836398731,True,True,True,
59762204.61434963,8436.00805954233,704933.115312593,1974.459681436334,True,True,True,
58542489.35965655,8435.718035490096,682049.2575772327,2016.738054643807,True,True,True,
67532270.39584048,8432.562934559463,1082760.2908148041,1684.4688956432046,True,True,True,
57418732.16373236,8433.08838898664,642279.2888655256,1873.7926339640667,True,True,True,
56407986.553883806,8430.467814679496,610702.8584255901,1664.2169464673327,True,True,True,
65229276.098562725,8429.791977413059,865050.1039843693,1316.7636399280884,True,True,True,
58938941.55052295,8435.185310718962,667595.9139553169,1962.1031767020627,True,True,True,
80087446.52930151,8432.194547770381,1719573.7258366821,1188.2876546766324,True,True,True,
60510727.42206785,8436.20223435376,716393.3582183161,1979.8121824066059,True,True,True,
54845683.3646721,8431.413200616198,575290.4342551101,1739.83476489498,True,True,True,
73213195.78006193,8433.698958071922,1250453.694309397,1342.8032544001337,True,True,True,
56907486.49671068,8431.661205463013,601782.0489723497,1739.1198738560206,True,True,True,
57802320.04054882,8429.46812930224,601135.973256188,1592.016666294777,True,True,True,
59561051.335162394,8436.624132613606,659910.5879805465,1982.1861950647324,True,True,True,
62691629.80366702,8434.924337407007,813164.1519418691,1965.7192066393238,True,True,True,
58515471.43049203,8428.599156263583,633629.422426679,1479.5384479050624,True,True,True,
71432453.82029021,8433.928089992483,1237442.141780615,1520.088198351653,True,True,True,
58639770.15026211,8434.870699443083,643598.1297715958,1958.937840286742,True,True,True,
58311964.17726794,8435.963649938167,651377.8035601807,1969.2831126832725,True,True,True,
55778734.33747043,8429.095133418876,574556.6368467071,1510.6399563328134,True,True,True,
57784283.05935338,8432.522908061712,634713.3691961198,1837.1870426837324,True,True,True,
56207184.15118413,8428.691423981343,603310.6799652645,1489.4458911135123,True,True,True,
58796604.35634607,8434.641667227323,692650.9057834112,1960.0824546177837,True,True,True,
55999627.28070572,8432.739543207192,590934.8857143879,1829.1518999410432,True,True,True,
57000896.13559784,8434.483407362795,591725.4816960265,1938.928483416066,True,True,True,
72807704.44752522,8427.404758092609,1221752.2688477545,1456.3356546891546,True,True,True,
61272866.39391763,8430.22372836803,746711.2561086197,1628.6068369941765,True,True,True,
76527868.1499181,8433.590471030135,1604325.7433429444,1570.8515003795658,True,True,True,
62369996.19646288,8436.768838396958,733597.5301295953,1994.954226968477,True,True,True,
55929879.96368689,8427.892541006124,556332.7624111541,1456.0700251040214,True,True,True,
57661717.77874013,8432.556121446365,592188.3831272746,1934.5504198634014,True,True,False,
57717018.577097826,8433.684598999385,613977.6724143304,1899.1244531188277,True,True,False,
69803840.25813578,8427.976017563265,1167929.7377937308,1119.5381185190477,True,True,False,
55396843.19764992,8430.64502862698,560385.4504140527,1663.3293386629232,True,True,False,
70905350.49089757,8430.168584075704,1279235.4192973864,1169.920117832535,True,True,True,
76877006.56620502,8429.086411381417,1580688.6137344067,813.1631199474539,True,True,True,
61301260.06438815,8434.451126936478,717091.3910343599,2011.1540417095323,True,True,True,
57996770.175526574,8432.10405385476,640085.5116811059,1760.426621041964,True,True,True,
58540836.83131274,8432.593466710427,631815.6621474726,1831.5582811421525,True,True,True,
57172731.157585345,8432.710695215881,626622.6539975519,1837.383506703477,True,True,True,
58174697.58807026,8435.634474620361,650039.4292266327,1962.8128301743823,True,True,True,
57304488.27593479,8434.935782570268,646694.8898429616,1996.635089584204,True,True,True,
77335260.94717616,8431.147340397767,1464925.3789560948,1325.150678282043,True,True,True,
57853488.638563536,8435.67225402467,631381.888689065,1955.4841123469237,True,True,True,
73229327.55316657,8436.643541866371,1245960.1101055678,1627.4613221369993,True,True,True,
76196580.42655,8430.700606757631,1488787.7381733716,1204.3035847709534,True,True,True,
57350115.668695495,8432.700858516575,626830.4523430716,1870.9067534583035,True,True,True,
82506868.22219644,8434.35801843012,1807397.5681089102,1189.6891531829615,True,True,True,
82450865.27642645,8434.68975411921,1843853.8832833676,1435.4569628419854,True,True,True,
56777730.78684523,8429.622247282072,562561.2746580227,1580.9805142007085,True,True,True,
84754696.72912103,8434.290927363641,2060948.606513088,917.9702089828701,True,True,True,
58144895.02111645,8428.413623325145,617849.2119677291,1476.4431169759685,True,True,True,
72818806.28910558,8431.5355813335,1371164.3380274253,1233.2115592360042,True,True,True,
56481452.27026688,8428.14178037932,597393.1538759505,1436.7679708700578,True,True,True,
69471971.86487576,8427.497880574638,1122407.4935130402,1156.9231149384573,True,True,True,
62268836.63401735,8431.70407467561,772298.9819510541,1832.8010585516306,True,True,True,
72241128.59651318,8434.081801029357,1308758.36913758,1813.8818928190808,True,True,True,
63388485.204640806,8430.751768240096,836339.5525566231,1695.954381040379,True,True,True,
63895826.27180009,8431.872067155513,830561.6361450875,1747.9678062729763,True,True,True,
62568921.68106779,8431.511248509749,816768.6240067779,1820.6268192233545,True,True,True,
71902936.35390678,8427.79389029124,1219154.1120256784,1213.8309436552117,True,True,True,
65175990.451749735,8432.401428129688,856420.0917449936,1871.8583113811617,True,True,True,
84371810.63913283,8433.048635021449,2074583.348472067,1168.2543101342822,True,True,True,
85226707.40729897,8435.303292450086,1967546.7709464172,1732.6852971972799,True,True,True,
55360415.5018272,8427.89705054984,589711.4865717684,1424.547586293411,True,True,True,
59315649.30486878,8435.598699711418,649173.3415501552,1958.239128256995,True,True,True,
54878564.66377196,8431.480459313196,570906.8933273801,1703.4915033174655,True,True,True,
56500515.651788846,8428.84053798284,571774.2066589447,1533.9133992467903,True,True,True,
70699594.96527967,8431.572633935219,1225849.7214554555,1377.3034012686649,True,True,True,
57416755.748518,8433.867390003828,622089.6012096988,2038.47276486199,True,True,True,
58425104.15677861,8429.364732504751,612506.5676241267,1548.1758525997866,True,True,True,
56656771.920397215,8435.085322693149,627490.6078682748,1954.2794014877213,True,True,True,
55900110.01245662,8431.025779737438,559844.9014015631,1710.4449172398795,True,True,True,
56467762.791963965,8433.244544820893,595353.0154685267,1877.3712684161437,True,True,True,
58815181.77589665,8435.196809344388,676268.7040758751,1973.400524107085,True,True,True,
56544392.580487244,8434.167597185917,591029.286661336,1904.1204115221933,True,True,True,
55069384.037476964,8430.091797335108,552980.9332608153,1605.223010745956,True,True,True,
55619816.101066954,8430.544116047511,560766.7993340818,1602.6992087913757,True,True,True,
61572454.770806424,8431.960185401927,819696.6992490704,1866.7259440199794,True,True,True,
58830417.83371339,8434.20761303416,633808.6473400593,2034.1725116551252,True,True,True,
55346195.22136984,8430.169615398774,569609.8588231129,1581.5144096352403,True,True,True,
57605101.08325113,8431.44805783174,600072.8485211681,1726.5405321899862,True,True,True,
82722130.11931272,8432.22918674775,1866625.6735839555,988.6599475172173,True,True,True,
58733712.01766155,8434.838923469984,661873.3152509715,1960.480259405397,True,True,True,
60363570.85531093,8436.713865907705,675676.2952157508,1977.9094747285844,True,True,True,
56522033.33103096,8430.898599916738,621180.498891827,1697.8761541334814,True,True,True,
58786774.990385436,8436.247811228792,673357.8180623162,1975.5231201847946,True,True,True,
56987758.29478238,8431.012816971204,598580.8396039102,1707.7368099720773,True,True,True,
57995083.30704882,8430.352945415449,613722.7043346826,1648.0464344329212,True,True,True,
56028543.933134116,8428.043471526715,580542.5064354483,1432.9936229633415,True,True,True,
85440992.5339758,8436.56631308555,1944102.26832836,1123.2891220665178,True,True,True,
56489826.00670009,8430.747008158296,581844.1869709193,1687.0815236849166,True,True,True,
58697334.10933785,8435.77635228729,668157.6531038908,1965.7360787479136,True,True,True,
57359856.9712073,8432.356816252846,631312.4199373582,1836.5146881313838,True,True,True,
56487029.83586437,8430.21699798104,608692.7440436992,1645.2643664100547,True,True,True,
58500834.740602046,8430.276468928716,611697.8926266256,1604.2120580484439,True,True,True,
77327605.84022172,8434.857697930054,1452183.9085191302,1166.8338319929783,True,True,True,
56625213.73145886,8429.534778174093,593288.0175269975,1565.4809142396653,True,True,True,
58380908.44188382,8427.351879148951,620451.8210430461,1442.9749292095496,True,True,False,
56450320.87878232,8433.342589392749,600554.5357595679,1996.3875330803503,True,True,False,
69959990.19377483,8434.958849474879,1081203.378028262,1568.1860036221713,True,True,True,
56571735.12596634,8431.656418017736,588797.9150153846,1724.7070836133705,True,True,False,
59325756.93645704,8435.584054097795,648394.9157126073,1959.3731958899084,True,True,False,
59656319.97811004,8434.53514956691,679766.9268605761,1989.4420860762425,True,True,True,
56469847.44857974,8434.58080229828,630082.9575241929,1914.7083865333814,True,True,True,
58460506.97742589,8435.183430355064,636253.2983383416,1952.6330403838563,True,True,True,
64132688.34502862,8429.731907342533,913360.1024246484,1623.9881386802713,True,True,True,
78842072.2648912,8431.058743625104,1745640.43562921,910.5644485711489,True,True,True,
59497949.78154533,8427.320251717876,694244.8068195934,1386.6211468222407,True,True,True,
72731690.96413805,8428.129120234637,1221803.5662718336,1131.724218458777,True,True,True,
64037609.829733,8429.02574567154,791555.2970048536,1548.7007527242934,True,True,True,
85755059.20470078,8433.479950409726,1997767.198587358,1115.464816529839,True,True,True,
57379128.49444893,8428.676152686456,609568.575044843,1495.3742680582754,True,True,True,
57808827.55921851,8435.33119005416,663737.1402206592,1963.4110058359363,True,True,True,
78640945.51067454,8427.810999711059,1628680.4467904626,937.9541647754977,True,True,True,
57537750.6878622,8435.294360037005,650793.8932152695,1978.0283395034942,True,True,True,
56972533.90589403,8430.91998929865,621234.7334634638,1695.7887023512842,True,True,True,
58846302.99436971,8436.413816067183,645451.4255982158,1960.2161203118837,True,True,True,
72217131.24319997,8435.546307442835,1382043.8782013752,1586.0019369407992,True,True,True,
58052674.90819858,8429.429760885992,619312.9706920648,1583.552115698912,True,True,True,
71785455.12238589,8430.67886017041,1359226.4981165105,1223.8308813342665,True,True,True,
74607514.65799625,8434.686043043093,1343252.0548682702,1766.581367210233,True,True,True,
55024396.48199581,8429.95520076955,546776.83922145,1594.279137103266,True,True,True,
55897557.93278257,8431.093411238124,576554.4311715383,1732.2504652838993,True,True,True,
57012104.111245215,8432.043181942454,577544.6293030371,1782.2250634703103,True,True,True,
79677981.55603045,8428.571886847647,1671837.7158951957,832.2456307294466,True,True,True,
55543198.68658066,8430.674159902961,595142.0134517276,1666.9471091688854,True,True,True,
71794683.1534856,8433.389350745503,1265404.5571956884,1426.2075425729606,True,True,True,
78335873.44605811,8432.319913050644,1619105.5093154663,963.1538272063525,True,True,True,
77774908.02744004,8429.4707842664,1604962.4193423567,1141.1919480807155,True,True,True,
58034174.69498368,8434.569352041517,645786.0638150489,1948.5765024212815,True,True,True,
57635588.85078442,8432.965509869678,640300.2392065028,1899.5946838650052,True,True,True,
58316423.0815323,8435.431715943394,628825.5662066045,1954.4605937554916,True,True,True,
75382171.39138155,8434.985285423198,1450877.5281313385,1342.3836530050005,True,True,True,
55694261.25257752,8432.82288476001,587046.569154094,1894.9075123428447,True,True,True,
60544774.44188293,8428.382609727578,731934.8033309147,1476.482133419915,True,True,True,
58983031.48691384,8433.946079004896,636880.7487601789,1985.6341871466668,True,True,True,
71174237.94750568,8429.350009975684,1299953.1249524767,1183.7337842375935,True,True,True,
56747231.631619945,8435.159734369112,618220.745185573,1876.7554447636317,True,True,True,
58180843.9059322,8427.942578299344,602812.8126402068,1435.3512800677665,True,True,True,
58678459.47722949,8433.413741314926,611529.1613220618,1918.0744801141213,True,True,True,
61399202.50513203,8429.77166685315,717126.4580198786,1503.4884860556695,True,True,True,
59713824.839333795,8432.219804771728,668597.255657319,1863.95075841663,True,True,True,
57308160.58175715,8430.91039615074,601346.7808750644,1685.1891087484184,True,True,True,
57268152.186765574,8430.121364301127,635707.9637190828,1630.4582493358207,True,True,True,
72066818.74944,8435.645922397787,1228081.6054376753,1875.9794046554598,True,True,True,
55605373.8078204,8430.596927248638,558816.5295861572,1636.6190879652595,True,True,True,
56276729.62780072,8429.760275503242,569879.4945818046,1590.2708373587493,True,True,True,
55842416.735754624,8433.630874971179,591682.4228874046,1903.6345281468941,True,True,True,
57167122.59590233,8435.418318889344,655454.885638659,1964.6471353202612,True,True,True,
59523630.095814236,8435.948354717848,8532194.199743647,1929.0048018527848,False,True,True,
