58749045.098882236,8435.1550781427,645990.2669982127,True,True,True,
74979085.00967291,8434.118086757953,1508237.9276044418,True,True,True,
56944247.3825066,8434.328592158517,597278.4312521536,True,True,True,
56351390.00780201,8431.361161544204,587909.9993868606,True,True,True,
73987956.28740047,8434.34512304303,1485954.6105276516,True,True,True,
56597687.42019955,8429.4763247651,619199.4175602936,True,True,True,
79359689.03465696,8428.152185163297,1717762.4126025925,True,True,True,
57263619.71436781,8431.879943488466,585661.3533209369,True,True,True,
57615070.83775062,8436.043183281405,628620.1869592196,True,True,True,
55485262.38236962,8429.255563296618,565806.58703307,True,True,True,
58894005.18892481,8431.136822074835,636580.6903331934,True,True,True,
69484233.5110588,8429.146724876147,1140940.7869298374,True,True,True,
56360341.12742663,8428.575087300063,580021.5269814992,True,True,True,
74372346.59648849,8429.593102044842,1445103.6633115096,True,True,True,
57158251.22287528,8434.614848008587,591848.2085562784,True,True,True,
57320309.082346864,8434.94970462634,650613.0144069259,True,True,True,
59851102.476927124,8436.590227133147,727550.1729300298,True,True,True,
59476588.5590883,8429.283527793934,696361.7292411374,True,True,True,
59951206.91227104,8433.634177234531,703728.2690522058,True,True,True,
57876130.52269531,8431.45775779121,643467.0040399014,True,True,True,
57854844.90512862,8430.590389448631,621881.153152591,True,True,True,
59821944.06566923,8434.23305099079,681438.0681058422,True,True,True,
58245185.758035704,8433.227626448062,636222.6896476215,True,True,True,
58792209.41766711,8436.377406627349,684763.3854753586,True,True,True,
57100951.905921854,8427.564160291198,629845.1814921746,True,True,True,
59544553.43115648,8432.778867815554,659525.5870970613,True,True,True,
58782145.31995716,8434.155022433544,671482.4181019136,True,True,True,
57280419.517144084,8428.211025173552,616598.9803177585,True,True,True,
78562337.71718715,8434.742993782902,1673492.0054717183,True,True,True,
55810662.26629011,8428.168149738205,561122.4577578851,True,True,True,
79063040.978487,8436.201906969416,1542994.436449864,True,True,True,
78187997.71136248,8429.481966341184,1520215.444600697,True,True,True,
55360070.38148876,8432.285995727681,568076.4972493323,True,True,True,
56775738.062699705,8428.930728372072,622109.8635301316,True,True,True,
75453781.8383318,8430.224559803179,1414008.3275405986,True,True,True,
62156908.427529186,8432.826420442148,761253.1167505471,True,True,True,
66285363.57639845,8427.417195006197,1053108.0906324403,True,True,True,
62418565.07544445,8427.99458922779,745910.6724382306,True,True,True,
79692527.30121244,8435.654803854215,1650882.891445511,True,True,True,
56994691.55180518,8429.016283587272,598527.6485524541,True,True,True,
64037066.409198515,8428.38267615251,849617.4245658672,True,True,True,
57630914.37805687,8435.496244830829,630521.5812015975,True,True,True,
56223949.90454623,8428.643685507546,569054.9042048373,True,True,True,
57748024.65165058,8432.907768594516,605314.9973668006,True,True,True,
62419659.79257831,8433.392232736214,830534.4589141789,True,True,True,
57361838.05097337,8427.46031868135,649591.2903191143,True,True,True,
57680590.72122372,8435.41965215359,647280.0469573105,True,True,True,
79419804.29753606,8433.72797308237,1730160.3266413722,True,True,True,
55508761.139548056,8432.515454131993,570920.7727531134,True,True,True,
57978940.12803935,8427.39051181918,597100.261231043,True,True,True,
58941554.454662755,8435.939300254215,663542.6338366555,True,True,True,
56305979.07074655,8430.962906095672,553935.5813023624,True,True,True,
57635403.92720239,8428.790592961512,612630.1302540491,True,True,True,
57679693.280546896,8430.676445046145,627007.8488140145,True,True,True,
59620593.995711595,8429.14148343261,703653.9211035245,True,True,True,
60326359.73666844,8436.387166515997,715257.1012605686,True,True,True,
57179306.02023773,8431.49722562279,579687.4379649999,True,True,True,
56679882.82674473,8432.303860409367,577204.0097911176,True,True,True,
57166778.38290693,8429.804387325801,564520.3778219037,True,True,True,
57764715.1334968,8428.18725731807,650394.6758656328,True,True,True,
57778867.42762364,8428.74047968822,634738.4427731454,True,True,True,
74861077.33813038,8432.674669182301,1439085.2669703737,True,True,True,
79125607.30144368,8432.721635914924,1670357.4293648566,True,True,True,
79206940.46127795,8432.956302010483,1701594.3859572713,True,True,True,
68823090.12386304,8429.189255252006,1051850.1501566425,True,True,True,
59592784.46366578,8428.718057743594,667172.3944184761,True,True,True,
72535054.85472935,8427.733074232763,1276612.6546576223,True,True,True,
64566900.88705658,8429.82856140772,903466.0140580591,True,True,True,
89667247.99472584,8436.550782790131,2489329.9144001356,True,True,True,
58872552.64336024,8429.621731443856,686123.783051353,True,True,True,
56757770.34718777,8435.231279916363,615391.6183804385,True,True,True,
59745084.84644374,8436.460815987435,673250.0968396384,True,True,True,
55084115.40834014,8431.019905946436,578430.6088121149,True,True,True,
57885459.43875266,8436.657312819278,660713.4704978217,True,True,True,
57414207.00992288,8429.350877925415,591978.8998480822,True,True,True,
59782800.02801748,8431.314276884337,737700.8531216446,True,True,True,
65500781.11769594,8434.846532868703,985681.7418486634,True,True,True,
55922130.34205137,8428.67205287415,558860.689239858,True,True,True,
56220502.95661043,8434.479105936334,599911.2969246114,True,True,True,
56671515.869669124,8429.098545511675,589430.0441852992,True,True,True,
57033803.7821361,8428.829474745151,591314.4683418074,True,True,True,
59353084.83050312,8436.299625593489,654007.9273585033,True,True,True,
59179495.815286815,8434.524645583548,645500.06895854,True,True,True,
57578127.799558625,8432.454071498558,624289.0397706458,True,True,True,
56314308.428698584,8432.082096133257,585928.342475352,True,True,True,
61111912.8076348,8436.543622440731,726656.5729418884,True,True,True,
55632335.73465357,8430.120777365632,592856.2668597499,True,True,True,
59183467.32598835,8432.939032315748,639111.1198870544,True,True,True,
55872404.01825896,8432.308515235649,567817.5026774684,True,True,True,
76646599.61875468,8436.336129023453,1603450.5806032685,True,True,True,
58688013.17146851,8429.702233656368,686379.4098665852,True,True,True,
59754708.26837585,8428.357561304107,645411.6788243791,True,True,True,
58850700.809382096,8433.665442342823,703740.2618585539,True,True,True,
61873594.77820532,8436.736682312969,729435.4828083958,True,True,True,
59017340.54031693,8435.76156016942,722053.5904225402,True,True,True,
56730986.88101308,8429.918764068654,565853.5947696387,True,True,True,
71380120.77433859,8432.53480669445,1191476.4810707325,True,True,True,
76167014.12607946,8429.052804620664,1441795.2071263,True,True,True,
60522142.34909075,8431.332823362567,774064.968247673,True,True,True,
72953485.1698991,8428.472439612555,1405565.7867707238,True,True,True,
59853568.130397104,8428.8424918926,672869.6850250819,True,True,True,
59688036.47641556,8434.367262410355,694755.9534702646,True,True,True,
57893900.01457811,8433.259538458302,625690.82758403,True,True,True,
68433260.49337067,8428.26003190954,1037534.7918334178,True,True,True,
71195383.57788882,8432.869051723168,1201187.0282563088,True,True,True,
60885553.103858195,8427.431886832177,715513.7966039459,True,True,True,
64755797.095183745,8431.100625440931,907174.8731840258,True,True,True,
73271324.5914707,8428.694553169007,1342378.8171317426,True,True,True,
63440847.279061995,8428.419109166798,852880.6899835397,True,True,True,
64105747.80067929,8436.175335649132,870008.4136694421,True,True,True,
64725795.233525865,8433.127025081636,883640.0503906073,True,True,True,
63488263.520696774,8432.541452043602,856584.4657121337,True,True,True,
62121142.32909286,8432.173693364284,773321.7863351215,True,True,True,
63635817.47838585,8436.715794539403,801142.2507478395,True,True,True,
62467725.517452724,8434.695803904799,752138.4758400449,True,True,True,
61047928.45799306,8427.835896885463,711887.2448924009,True,True,True,
74388940.74419591,8431.716641277568,1437819.3059951756,True,True,True,
63596535.010246135,8432.49198807863,818113.230536388,True,True,True,
61876878.26111775,8435.11894418344,731254.4485292624,True,True,True,
60467084.38659931,8431.185865414855,724340.197630283,True,True,True,
59306414.70800217,8431.971980759716,668829.1935875438,True,True,True,
59150792.83892934,8428.626577101842,670957.9980610723,True,True,True,
59302151.94524983,8432.06347824401,699254.0565321735,True,True,True,
79081037.74662304,8435.893072327906,1629810.7781849916,True,True,True,
55861673.67029951,8431.855038464742,578241.186767257,True,True,True,
55856873.27868244,8427.355086585272,603243.4800367861,True,True,True,
57715566.97769657,8428.367288423971,632193.8673724341,True,True,True,
86074100.30624412,8435.702057969043,1987918.003822136,True,True,True,
56456530.94640545,8430.46576163484,569357.954800558,True,True,True,
82653155.9651729,8435.354554126103,1951448.8196511306,True,True,True,
58818575.530494355,8434.798237193367,643439.432127979,True,True,True,
81638914.5264684,8432.437343993073,1926722.572322021,True,True,True,
59589717.9057783,8436.348933044894,655069.4727834577,True,True,True,
74591266.67662683,8435.781209860557,1314562.4903522383,True,True,True,
70419908.6060281,8435.253131436255,1185668.7317759176,True,True,True,
62388392.162914224,8436.490959814473,782324.4522861581,True,True,True,
61669957.35850825,8433.478206397098,745570.7431635527,True,True,True,
58643938.90642932,8429.244899597652,618079.204532196,True,True,True,
56226250.865734,8428.286586164699,595670.2446534756,True,True,True,
71655895.31313168,8433.922586284778,1214607.8717992832,True,True,True,
56056424.7194435,8428.707808798059,556997.066989205,True,True,True,
80873340.85238242,8436.401717291701,1667741.4685092892,True,True,True,
59519978.624328524,8435.623261149036,677167.9443749416,True,True,True,
58831422.72925962,8428.087021116957,708581.5770296259,True,True,True,
60276940.272096284,8432.756719499146,664380.2391082731,True,True,True,
59690786.44522272,8434.007342234048,672145.6426468499,True,True,True,
60482232.8349502,8433.610038752504,664742.4882738858,True,True,True,
74080034.49115537,8431.158262735606,1329261.0420450754,True,True,True,
55855486.6081798,8432.396020379247,574310.5861161277,True,True,True,
57623024.36169755,8433.600654773592,646844.0144335056,True,True,True,
62573468.74800573,8433.104601276495,854967.8293985741,True,True,True,
79943744.55516939,8433.007814925673,1777666.0588813266,True,True,True,
55568595.60438525,8429.380098441325,556343.0743443975,True,True,True,
70087455.98853363,8431.906776788255,1228854.3496723098,True,True,True,
77218130.87405553,8434.082565394632,1460080.3224381036,True,True,True,
76786242.44563985,8431.052858130608,1520790.7830822545,True,True,True,
55435596.69706137,8432.018819590332,558033.7116164147,True,True,True,
58022914.68616829,8429.086977124312,664359.1656695742,True,True,True,
57995149.90172597,8433.35492679087,669399.2061122367,True,True,True,
58722709.4111335,8434.459546685166,626934.1197265016,True,True,True,
78601782.18469802,8431.677626279537,1717562.8485898497,True,True,True,
59483255.31117785,8433.801758512329,673688.4872076813,True,True,True,
57173848.66340875,8433.641262473278,582966.0107104708,True,True,True,
57114155.30100632,8432.023913985991,597172.4805427257,True,True,True,
57308286.566383645,8428.036038627606,577325.5130039095,True,True,True,
58966546.336445734,8430.52253968986,644858.6433613003,True,True,True,
58855480.69650204,8429.072995502605,707414.6310229151,True,True,True,
59866781.853670985,8430.658715952548,669165.7484378995,True,True,True,
59714811.8949066,8432.1843518326,664609.8767741073,True,True,True,
84849379.37095715,8435.084092076739,1905584.8739238943,True,True,True,
70970073.76619694,8434.139056526159,1153804.1915754613,True,True,True,
57548103.948238604,8427.88709816845,615871.9242045498,True,True,True,
68604109.44098413,8435.515746260686,1142518.6426146207,True,True,True,
61361248.3130684,8436.092077017716,703027.0511344646,True,True,True,
56685502.188223675,8428.423455042464,575412.4594766326,True,True,True,
57641676.82269722,8432.632279637108,641118.7297666868,True,True,True,
58391567.893879145,8435.800320669468,638491.7256172262,True,True,True,
56453285.34130595,8431.899980454744,570745.2282588391,True,True,True,
59039889.27157614,8433.720414688387,644850.0212489303,True,True,True,
56756770.879197255,8431.172361004257,619278.6185806855,True,True,True,
55905145.97047814,8431.421676572178,568539.1560489818,True,True,True,
68494374.86594084,8433.033458514932,1064652.4798306816,True,True,True,
54771867.5066629,8430.461814231212,559543.4815137998,True,True,True,
55560409.76127804,8430.763953245658,564403.3192112949,True,True,True,
56712251.22699569,8434.834663775031,636633.4043653244,True,True,True,
61113659.718911,8436.575268187251,709983.3976506985,True,True,True,
55693816.94468992,8429.232027528187,584225.9525216125,True,True,True,
57396768.89950465,8427.450016628209,634607.1339294094,True,True,True,
73144363.27047408,8432.134047425503,1373779.5376508427,True,True,True,
73175685.34006454,8433.274831660956,1308006.3033609674,True,True,True,
55863483.02319231,8433.037490848996,574231.247745674,True,True,True,
75175971.10364275,8436.22065340652,1352186.6555748503,True,True,True,
60442114.945688516,8436.693228474422,748751.8643103967,True,True,True,
68953854.64313173,8435.969147559737,1169100.5648271518,True,True,True,
68659011.58079565,8436.764515120301,1021429.9101887858,True,True,True,
70154538.01052406,8432.601381974657,1178407.29016824,True,True,True,
79510925.50321065,8435.124958110004,1636030.5394473486,True,True,True,
57636009.8712616,8428.892926537275,593790.2911959981,True,True,True,
58441597.98630449,8432.949522101804,630946.812046193,True,True,True,
74593607.91478603,8429.128976314645,1439640.9457545355,True,True,True,
81515427.06349233,8434.4998204761,1682560.3096190982,True,True,True,
57142582.008001454,8431.955827026442,612583.3648316463,True,True,True,
59010929.87060006,8432.199629431538,615826.310310128,True,True,True,
70892294.99424098,8432.3786986563,1267337.0242471853,True,True,True,
56982482.664887704,8429.390053007164,560631.8752480488,True,True,True,
58708350.53417154,8434.642980671202,656127.3378594368,True,True,True,
55187398.01844902,8430.577303795102,551552.761967128,True,True,True,
57099625.399340555,8430.12783025091,571330.9422486713,True,True,True,
56403192.679492176,8430.410382726583,619932.1515242625,True,True,True,
57757094.074527904,8432.043021494968,648918.6690360913,True,True,True,
64514215.22959791,8433.2147471338,906024.2583272675,True,True,True,
58173590.69136423,8428.212591956235,611059.2993325744,True,True,True,
59590027.04808724,8432.521755435271,643258.7903876586,True,True,True,
57584995.13440266,8428.110482969301,612861.9859690837,True,True,True,
57606721.75925843,8428.049851226293,616488.1170605222,True,True,True,
58072382.631409034,8428.242779993881,646473.3360798123,True,True,True,
62394221.38897436,8435.268433156649,714283.8042965895,True,True,True,
57905240.9358553,8431.94475072824,632111.6818614828,True,True,True,
59093772.625801615,8434.24999851906,639871.8646769922,True,True,True,
57662919.00532481,8434.903706723344,598988.1940416151,True,True,True,
59070108.47099046,8433.428957902232,663243.7911131721,True,True,True,
76612030.1991766,8433.628249376832,1440636.6998011307,True,True,True,
76180318.0887154,8430.193822401236,1454741.4877290477,True,True,True,
56121512.108995266,8430.316198470708,569583.701507428,True,True,True,
55680825.0708979,8428.249719291865,591794.7580839759,True,True,True,
57730404.304797195,8434.679019449979,644208.9452830388,True,True,True,
75377870.5806517,8427.612076373809,1443692.735391636,True,True,True,
76966356.65249172,8435.965426760768,1561672.2617157467,True,True,True,
71910419.14327362,8427.855039276172,1277549.7146596645,True,True,True,
60459558.67244544,8435.484656112529,710941.2404240497,True,True,True,
63171708.36007291,8431.785240778318,830732.4279498224,True,True,True,
59405673.11103131,8435.450124796986,691753.9159356792,True,True,True,
57555597.352880135,8432.645444096719,607220.6759508116,True,True,True,
57811829.72993177,8432.811167268024,654017.3791677397,True,True,True,
57837971.54034167,8427.524209787542,663881.53290847,True,True,True,
59158918.03015296,8427.876220674623,654253.9603966869,True,True,True,
58011275.648577206,8436.236089300099,673286.7558376862,True,True,True,
62885282.58097335,8434.173460846638,796139.8835345671,True,True,True,
56799455.14709315,8432.972825298744,630354.8135821647,True,True,True,
57774294.257020034,8427.30028142235,609353.2122837047,True,True,True,
59239616.48346763,8435.213810124671,666351.3773001477,True,True,True,
85167196.24495438,8435.530818006704,2152112.6931455913,True,True,True,
57489748.6263952,8430.811259978436,595681.2762374771,True,True,True,
57354910.56300977,8427.377520156615,625494.6703544611,True,True,True,
59469151.255048335,8435.437219751673,671523.3225430361,True,True,True,
56822147.70279771,8432.11705488145,591252.9937393398,True,True,True,
56003351.86585108,8432.769794082149,587573.8336652406,True,True,True,
55204130.549126826,8430.917521940626,565627.1040562182,True,True,True,
58918842.292069055,8432.73752066656,640624.0219267186,True,True,True,
71106672.53952059,8427.349925384973,1198746.6078470733,True,True,True,
66242584.703425616,8429.212169235294,1011759.8977764286,True,True,True,
76625416.66579163,8429.95168576994,1529344.9386463864,True,True,True,
57793812.854641914,8435.90363053311,660166.2513535043,True,True,True,
58456710.198457845,8430.251109469173,662278.8818655905,True,True,True,
57890198.86411112,8434.863462108638,628719.157572616,True,True,True,
59197407.56533455,8435.416017412696,671541.2264023668,True,True,True,
59618793.89336461,8434.78915470936,667551.0811510652,True,True,True,
56787207.22151478,8429.443474255124,590755.0791974035,True,True,True,
67536234.10322902,8435.661723963402,1047097.3673540324,True,True,True,
57670199.3845054,8434.883108142503,605987.8464581572,True,True,True,
81654089.24236913,8432.845400950693,1848650.814551825,True,True,True,
82417351.2157552,8430.841139932394,1883918.971486913,True,True,True,
81974937.8898245,8430.613579668992,1890898.3096928787,True,True,True,
82645555.04112749,8432.33372610987,1969365.260755816,True,True,True,
81899613.00119892,8427.943215623587,1834977.012385563,True,True,True,
57296325.39403339,8431.887636323587,634845.7267098075,True,True,True,
57240513.99584352,8434.983550451821,613607.3923824575,True,True,True,
57584091.84261642,8433.148490732716,609692.9793879589,True,True,True,
72710556.63796428,8433.816953759133,1272400.2315632042,True,True,True,
59360232.08613069,8433.30885231133,677720.42557762,True,True,True,
73645383.21991941,8430.549724536155,1291172.3858709834,True,True,True,
58745301.98809646,8429.414347641137,622873.2937552363,True,True,True,
58425833.612707436,8435.182005710914,658904.4689979902,True,True,True,
58348720.41881383,8430.014322172978,624166.5448848055,True,True,True,
56499590.52793678,8434.769538886621,629142.6961645797,True,True,True,
55692920.025530584,8433.701136680862,590282.4248344334,True,True,True,
56208520.29813152,8434.102716423093,592716.1323822857,True,True,True,
72874183.50414377,8433.383109298527,1256017.6883952317,True,True,True,
75359337.69505912,8427.828506966196,1458485.4200516858,True,True,True,
56306053.29922792,8429.972642130535,560483.3328702152,True,True,True,
57841511.65778119,8428.970201154776,623456.5626110728,True,True,True,
56284695.216380715,8429.610505809089,592963.5725416627,True,True,True,
57313603.95088297,8430.11269898377,613250.0095266113,True,True,True,
58083768.45236549,8432.348971572728,628689.9786165218,True,True,True,
85975978.09026533,8436.608394400037,2188054.2274788637,True,True,True,
84954317.28536773,8430.985847588428,2079256.9177394353,True,True,True,
85587556.93042527,8430.81587517122,2011127.7506489742,True,True,True,
59046210.06042074,8436.113220103767,677437.6776343704,True,True,True,
83295913.6374887,8434.654543613795,2027808.9910276416,True,True,True,
66101524.400991194,8430.786927684281,996709.2462368676,True,True,True,
58613830.689218946,8430.978320790267,614585.1659425637,True,True,True,
71827877.76095511,8436.19124973714,1293557.5759352632,True,True,True,
58067513.14225406,8431.932152103913,640018.4042233997,True,True,True,
56807977.75679917,8430.53557888899,629859.3350377983,True,True,True,
56681047.47432494,8432.714359175536,587992.734331392,True,True,True,
84314261.12296687,8433.833488513505,1952511.9365013961,True,True,True,
57281330.40194927,8431.985496963302,593339.4896738585,True,True,True,
56641679.19622418,8429.53151409365,578118.2253101872,True,True,True,
63190956.631238945,8428.99700184487,814162.7653122304,True,True,True,
57846569.99991692,8432.427600930103,627189.8362403995,True,True,True,
56969544.85665243,8435.194190282578,622235.9298391286,True,True,True,
61469850.99418539,8428.601817535984,805343.3816156358,True,True,True,
57513525.281235896,8435.7518909853,635896.7428411338,True,True,True,
57428201.56035798,8433.426553501818,626045.9945987005,True,True,True,
59447482.6700683,8435.84762283851,725796.7571866332,True,True,True,
74569018.32654096,8436.418441306563,1340503.8317067944,True,True,True,
76242849.19415122,8429.906871478615,1600482.7541686108,True,True,True,
56894251.701591015,8432.108987056057,584162.7357405045,True,True,True,
57274617.027030334,8433.961557698758,607603.0864041093,True,True,True,
58817533.278834164,8429.266251450801,672809.341442886,True,True,True,
58910320.82357103,8431.652078373745,646820.7217192093,True,True,True,
67728627.5035918,8428.072162166049,1107030.8587238812,True,True,True,
84835267.81555586,8436.321779241833,1974254.3278728472,True,True,True,
85901618.31766808,8436.28134212041,2057582.3997014721,True,True,True,
56816962.95035292,8428.868094316918,611381.6378912808,True,True,True,
75108710.56685849,8429.647635499769,1513918.443911957,True,True,True,
56441762.57750512,8432.56555714104,582774.5697364094,True,True,True,
67986777.51729096,8427.515671892574,1150991.8775648992,True,True,True,
57585008.87431039,8432.28193042469,629745.6683801223,True,True,True,
79867664.14182276,8435.984437116647,1632196.949764153,True,True,True,
57884645.30565963,8434.548890192253,662186.8112178608,True,True,True,
56834906.21077413,8431.53882644687,616762.1006952007,True,True,True,
58247142.64007322,8433.559647339427,655792.8641276027,True,True,True,
56420045.58930139,8429.374951270445,558472.5031110096,True,True,True,
57808398.02559365,8428.379562516471,610335.6646140575,True,True,True,
58830673.89952148,8433.934076135138,621857.2214263222,True,True,True,
62132102.06157467,8428.28367339961,829123.8270574609,True,True,True,
62824843.13540346,8429.754896821665,841252.3533399802,True,True,True,
56223113.942671455,8434.973678129194,624229.5083455961,True,True,True,
72599995.77337946,8429.362762852461,1234133.2937329647,True,True,True,
77843830.58319035,8432.644441931669,1680706.7012680084,True,True,True,
57970080.17877287,8432.691822894229,629012.8520830723,True,True,True,
58673478.95646289,8427.869096145892,615890.4528949182,True,True,True,
58778768.4687353,8436.134919473503,698086.6521772185,True,True,True,
58448787.039089255,8430.68454495797,656713.9201832721,True,True,True,
57299824.839135274,8429.99626496929,574215.0651464632,True,True,True,
56477586.30947577,8427.807755828522,602845.2245907082,True,True,True,
71174573.47414394,8430.756527808497,1266400.240822932,True,True,True,
55825692.77704781,8430.718279451326,557188.8909545229,True,True,True,
71581836.12641641,8432.92220496652,1229348.9217454656,True,True,True,
56891832.14846902,8435.605568514751,629257.5307762783,True,True,True,
56521068.956083484,8428.011525054511,571380.1766099241,True,True,True,
75868421.27159455,8431.230567029956,1445111.4726677665,True,True,True,
58763227.46755243,8435.401590802541,639795.2897477717,True,True,True,
58337004.9773311,8435.050672055704,638051.417261448,True,True,True,
59639336.53341567,8435.833223722117,719837.3336021305,True,True,True,
84357555.1470937,8436.01449249118,1965444.7488478906,True,True,True,
56483197.75510124,8427.591387426792,572802.4282605571,True,True,True,
58575182.5321923,8431.006872053189,623780.1928811528,True,True,True,
74365983.34415293,8434.113512993921,1368023.1036379444,True,True,True,
73678802.99809523,8430.346040448801,1388388.6240594357,True,True,True,
58818043.07568404,8436.25210386162,636121.9444281168,True,True,True,
60220152.182846285,8427.62015288033,729727.5493301889,True,True,True,
58249984.175180286,8435.55441586426,645881.9629434397,True,True,True,
73644740.25190632,8432.460266027463,1389625.6157620312,True,True,True,
59144418.55522039,8436.055408069162,684215.9285306105,True,True,True,
56832964.40084762,8430.262536187181,586540.9787621426,True,True,True,
56672712.605521284,8433.936096305977,600306.2459601045,True,True,True,
56173006.575116836,8431.43771244691,561668.5248271117,True,True,True,
79825917.13434315,8432.24191467822,1831531.0014733188,True,True,True,
55700910.47271845,8429.676386381689,577525.2965220159,True,True,True,
82413042.33447014,8431.958769157733,1764113.6631343022,True,True,True,
56514917.76537402,8430.352466698876,594908.0374015078,True,True,True,
56476220.42002086,8433.82403742714,589222.0700114204,True,True,True,
56056260.528900675,8428.135888220388,583764.427000164,True,True,True,
58376451.08049038,8434.75379359966,626465.7162569418,True,True,True,
57616612.80656261,8433.159314019478,612065.0978404058,True,True,True,
71382956.8397456,8433.681726747449,1269430.9573800922,True,True,True,
85247034.11157054,8436.621729277997,2142036.725071568,True,True,True,
56142669.234237365,8430.238642429635,581157.5798908044,True,True,True,
57517048.38019885,8432.866365560236,598117.2518825472,True,True,True,
57679364.50302348,8431.305499073407,605107.6317698333,True,True,True,
57252016.325769946,8432.167107270168,587349.626031483,True,True,True,
65944013.09632282,8435.092355039495,922252.1412292777,True,True,True,
65427834.80121145,8432.062276174134,914645.1427550956,True,True,True,
58003293.56112281,8429.767605923382,590854.9331894616,True,True,True,
69180125.37328175,8431.36644772699,1198226.5592268591,True,True,True,
58286160.70595012,8433.507198334944,661141.4628109046,True,True,True,
70748879.55286983,8430.183369712258,1208635.5263741326,True,True,True,
57532545.36139814,8432.085438299166,597695.9495789283,True,True,True,
58108935.37482927,8432.610428346235,620719.3407946411,True,True,True,
58742964.5419112,8433.464368561374,622869.6068602545,True,True,True,
57603549.32811684,8427.420790843631,617385.1914400727,True,True,True,
57231478.25479237,8428.437868493947,612632.1861311398,True,True,True,
58896545.11614474,8430.504439860064,650262.7404731748,True,True,True,
75459894.45116988,8429.85890816559,1442303.007243,True,True,True,
79726332.08609287,8432.786712847641,1648930.7937676364,True,True,True,
58751990.147562616,8435.791876509003,640237.110705583,True,True,True,
56409729.588308565,8431.712370985928,606288.9257931921,True,True,True,
58309780.78136929,8435.918215153775,646219.8858029437,True,True,True,
58373199.99299515,8434.422513857528,636715.9736803741,True,True,True,
57446490.9215859,8432.919722919041,628848.02535998,True,True,True,
59775077.289598204,8432.344461379475,768820.9766358174,True,True,True,
68324747.16935682,8431.142839109727,1100527.9808225431,True,True,True,
59214147.30543106,8435.17078843686,629247.7799151704,True,True,True,
58384627.1715553,8434.185684894494,623456.7474761223,True,True,True,
56782723.01370385,8429.763637100841,561219.9671406341,True,True,True,
57161376.32450899,8434.46985171188,587997.222804922,True,True,True,
55556270.78364609,8429.936368509383,587420.6800530467,True,True,True,
80825179.4271174,8432.103608332682,1837161.2970870822,True,True,True,
58961061.456695795,8427.324672862962,650355.2501713337,True,True,True,
82448256.9353444,8434.608392304659,1941288.2057866617,True,True,True,
58427466.274745256,8432.802100441306,633214.1389697109,True,True,True,
57805164.267570496,8432.14737136833,629114.038073926,True,True,True,
76145606.24302487,8432.321186552843,1552483.1172207445,True,True,True,
57259559.59138029,8430.826295211018,632391.0717278093,True,True,True,
72833092.98209168,8430.899278746125,1232956.9918364314,True,True,True,
75195323.1487897,8434.210550996768,1448135.0314107358,True,True,True,
58526214.98565662,8432.983533191707,675285.6941091506,True,True,True,
57033135.386833504,8427.497276357464,626070.7418992751,True,True,True,
74030937.68462221,8432.896218337864,1455339.7351985066,True,True,True,
56728944.85371438,8433.755168098589,615278.0976439107,True,True,True,
56779755.147379585,8428.760871013637,577998.7875854744,True,True,True,
59476226.083662756,8430.699556324513,684156.2421328181,True,True,True,
58884578.21873906,8431.098489287124,639812.4009745009,True,True,True,
58537078.0418846,8435.934410202364,650386.4953182349,True,True,True,
56656148.01278712,8431.734767417862,597696.7403180735,True,True,True,
56747727.6840259,8430.855275914886,601407.8429907265,True,True,True,
61625124.97182717,8433.325958897027,744650.1749697248,True,True,True,
57250133.9735593,8430.16568933591,587294.3548462936,True,True,True,
56907630.65098959,8427.770603498348,604485.841788659,True,True,True,
73411158.62480798,8434.628481553784,1296885.396023245,True,True,True,
57155247.71665056,8435.283471417433,612340.4310442525,True,True,True,
57976164.01516942,8429.464877635372,653451.1374540261,True,True,True,
57095612.74834454,8431.439751100192,605048.0206377365,True,True,True,
73641803.5993264,8435.576346275544,1309948.3640349908,True,True,True,
59418280.33393676,8435.71317963015,659855.8250796401,True,True,True,
68140545.2617834,8431.461080735884,1121612.7662576535,True,True,True,
82361775.35729216,8432.246630922662,1786189.9939603026,True,True,True,
82742301.34260434,8434.66617767305,1944166.128231954,True,True,True,
56643702.19509604,8434.03054557266,609877.0850907693,True,True,True,
55366657.02666184,8432.700378489964,566992.2473512907,True,True,True,
57267763.63886048,8434.265617566869,595658.5324920847,True,True,True,
76677109.42704973,8429.986421550118,1626798.0416162948,True,True,True,
55132136.45092602,8429.501766635374,567846.9535300185,True,True,True,
57557027.16219395,8435.816238379184,621844.466809942,True,True,True,
56679886.58321027,8429.032694838435,589632.6527484783,True,True,True,
74549412.55296806,8430.646569768036,1355716.1567228916,True,True,True,
59278801.64832103,8427.738003870472,655979.2846921494,True,True,True,
62126041.75619671,8434.720628942494,726779.0027718784,True,True,True,
62132224.301751964,8435.643974366394,724596.1386036833,True,True,True,
58266842.36246687,8431.585356750786,652297.8300893381,True,True,True,
70148306.6279533,8429.278180295449,1139898.0733150772,True,True,True,
61095471.46146569,8431.517330272243,755876.5679528341,True,True,True,
62892189.64785516,8433.512818793552,780388.052839574,True,True,True,
60256716.64342726,8436.004859989001,695161.5886104716,True,True,True,
57390586.736548394,8430.441724743787,599916.2088659583,True,True,True,
55634434.44238159,8428.533960044413,580612.9653885022,True,True,True,
79178199.70591965,8435.770250649302,1572560.3736140912,True,True,True,
55135081.853933014,8429.506806280822,591249.9042820503,True,True,True,
75615065.01331808,8434.294035903324,1425321.6547859216,True,True,True,
58481204.758236736,8436.783032975492,688939.2443118895,True,True,True,
56129064.15016327,8430.7945359578,597591.7388101079,True,True,True,
57269625.40493717,8431.773910979657,578577.9341997358,True,True,True,
58662018.4998364,8432.21122047308,617785.4196818448,True,True,True,
58492787.37107037,8436.26943484694,665713.8773324154,True,True,True,
59504102.929825045,8433.404000779936,691140.9620582709,True,True,True,
79460496.680632,8430.548699527031,1643240.8689428472,True,True,True,
70804761.02621146,8431.27419946975,1154014.5716427276,True,True,True,
71908228.76848865,8427.48276247315,1337161.8940643782,True,True,True,
63416994.65933756,8431.18022861824,823398.0042382041,True,True,True,
81529496.71722879,8429.304699757651,1846251.8671870013,True,True,True,
63949472.62022659,8429.455439448815,813584.1814331193,True,True,True,
61109031.91301946,8428.955927921115,688928.8284209179,True,True,True,
62240056.32537339,8427.505018378006,763875.3011837829,True,True,True,
64031388.77822095,8436.728885736053,789071.4012254548,True,True,True,
62532755.57633062,8433.77831596411,795344.6762839009,True,True,True,
70233470.0556873,8427.777821193917,1201782.0759409065,True,True,True,
65996480.12233737,8435.067079010467,832437.513181171,True,True,True,
66225510.27220916,8435.331536695376,891382.1873723333,True,True,True,
68217368.25972113,8427.65035041522,1018606.2518848339,True,True,True,
76820274.75344788,8434.554715426679,1441330.4360972624,True,True,True,
59352007.15305974,8428.588696249444,637509.0053599299,True,True,True,
58659899.50498007,8431.376175056019,649768.9696009158,True,True,True,
59082813.0921023,8434.30750773493,672393.8319354033,True,True,True,
78461294.32032146,8436.641352081833,1679225.232497707,True,True,True,
84738116.67811103,8436.165531864452,2125987.099147462,True,True,True,
84193867.32500911,8434.714238028826,1867373.540513122,True,True,True,
83594379.243614,8430.950305775501,1893377.355608793,True,True,True,
83014190.3696996,8427.916657834543,1982018.9994702255,True,True,True,
58385976.83758417,8429.17913692156,653029.5182012911,True,True,True,
58508496.85663774,8434.436200132874,649577.1530427976,True,True,True,
62117010.65101412,8435.199325365327,744234.820380984,True,True,True,
67471884.73826881,8434.836474037336,1022218.499393288,True,True,True,
55646786.75894538,8428.222207430843,563403.6072966809,True,True,True,
59703001.98097543,8433.070803471719,650503.141773448,True,True,True,
57847753.40861916,8430.398387101166,599707.7069388595,True,True,True,
58361309.554476075,8431.670443151437,619304.0599397721,True,True,True,
58063795.57602756,8428.007905935863,591044.2693077384,True,True,True,
58915591.013078384,8431.727118275545,625912.3645912432,True,True,True,
57831524.704891115,8428.326573694088,603588.1170396602,True,True,True,
85094098.09272969,8435.880610223281,2087608.3924386958,True,True,True,
84600973.8270507,8434.89598468901,1835836.9407160133,True,True,True,
58880484.038526215,8435.44224488253,654713.7111992147,True,True,True,
57149171.72235357,8433.221308063165,585547.9064800388,True,True,True,
57218972.84879242,8427.312881007756,602174.9430245124,True,True,True,
58262966.11008633,8427.765705418036,630149.9235644412,True,True,True,
58835289.01317416,8429.007274479207,626681.0202619641,True,True,True,
69757486.33121574,8434.51529526397,1157860.694132495,True,True,True,
59148908.3317793,8436.187348685007,670545.1497583902,True,True,True,
73251572.6865937,8430.735565249894,1385884.5832570854,True,True,True,
57973403.07076285,8429.862024091992,617258.8947130302,True,True,True,
71127128.20735082,8427.53869416878,1218844.7208222628,True,True,True,
60305798.53449674,8430.266735442521,701659.0240778426,True,True,True,
68214840.15578766,8431.058602011566,1037045.2691901004,True,True,True,
68075311.41515598,8430.078740331943,1071349.3132583157,True,True,True,
63358655.871649675,8428.096927409106,835577.3285857388,True,True,True,
59558083.85622333,8432.368577693494,654517.1441088459,True,True,True,
68737994.64882335,8428.48114915362,1025461.891769055,True,True,True,
55624441.55926257,8431.523581058424,546995.1182566474,True,True,True,
57786532.35093111,8433.017383002167,624233.399515204,True,True,True,
54477403.462687075,8431.6308670326,560930.5337878242,True,True,True,
58190548.423551835,8432.616948831288,620370.9120403648,True,True,True,
55571279.4517665,8431.267179401597,579348.520610013,True,True,True,
56764318.620016195,8430.742491213321,579513.2246218077,True,True,True,
72238062.10945657,8428.80744086811,1352590.0675944064,True,True,True,
59370825.4331916,8436.5952621582,648174.2896919048,True,True,True,
84341843.44386044,8433.767481485706,2164730.593774896,True,True,True,
56944495.16089829,8432.149847932274,589167.5848905062,True,True,True,
73521510.97310527,8430.725934937476,1307766.809270967,True,True,True,
58028250.576494426,8436.07006872927,644940.6071916051,True,True,True,
59219264.22338922,8433.763879954106,686016.0524814918,True,True,True,
76959258.53647068,8430.280626418154,1480947.7351646726,True,True,True,
59400813.824419804,8435.94850256781,643432.1602598034,True,True,True,
56352670.22585669,8431.081678646715,563995.9941019367,True,True,True,
71053984.29356651,8434.038599150763,1170460.7813714438,True,True,True,
84052426.66779225,8434.27530844791,1895161.7859612661,True,True,True,
56002738.99127855,8427.693305380142,562387.6936786975,True,True,True,
57066572.44692339,8434.566806509663,604958.2767394807,True,True,True,
73574127.45974052,8427.282000526451,1325719.9087673388,True,True,True,
56463365.371012464,8433.884278903759,595169.0394425052,True,True,True,
56584830.30696047,8427.97354406292,608266.0146095478,True,True,True,
60341785.47780099,8432.21082369674,693797.6268102803,True,True,True,
63468046.19985729,8429.426347152532,868977.0944338574,True,True,True,
59459785.328145415,8434.193125799611,659576.2762988345,True,True,True,
80643759.53888334,8429.839356065657,1805543.7467039584,True,True,True,
81331481.08871768,8432.886562316446,1827909.3790714997,True,True,True,
59297781.03179049,8436.633337049543,705479.4322993436,True,True,True,
57201506.45631308,8430.202484213005,601503.6303412636,True,True,True,
57831842.578984775,8431.558987263077,634289.9015646874,True,True,True,
58748980.02719858,8435.237602180887,686633.9112196923,True,True,True,
71241233.657228,8435.993736433362,1250518.2938252727,True,True,False,
56219614.66789732,8427.959782967268,574866.0510679063,True,True,False,
56895565.1301246,8433.081637423778,590952.4051287078,True,True,False,
56786254.75158709,8431.029475825115,591556.6454033005,True,True,False,
69383202.5100356,8434.577093489239,1112124.0001308501,True,True,True,
79050974.06074569,8430.599273562668,1620482.0644424045,True,True,True,
79863516.1711113,8434.227628178949,1720650.3349574879,True,True,True,
56073518.8633116,8430.3348421832,549745.1372182651,True,True,True,
57256647.12501833,8428.65689939426,605307.1631374032,True,True,True,
57436858.135764316,8427.580143235866,591952.7123530394,True,True,True,
84109821.9438283,8435.571562091092,2115374.6524901586,True,True,True,
56029234.634193935,8428.866379609537,618890.5833854759,True,True,True,
71298895.60459603,8428.780231221417,1326249.5351796835,True,True,True,
58283227.66000776,8435.729128164396,630616.9028114363,True,True,True,
57040133.97274076,8430.78181962288,627606.9581251778,True,True,True,
70823451.86344339,8433.066516046847,1131150.4427618398,True,True,True,
60373654.9079031,8436.431152339834,695099.9407007347,True,True,True,
57108202.20119579,8428.526101573949,645243.8237320819,True,True,True,
59394077.44664396,8434.9125452031,664905.5518849567,True,True,True,
57184715.20416966,8431.815656592613,595481.2740469031,True,True,True,
56406604.39522194,8427.932491984655,596222.2175378224,True,True,True,
58605964.1850391,8428.396342928685,666178.9538434078,True,True,True,
58503887.9890515,8433.353295340314,617857.2433856381,True,True,True,
55473202.39637636,8429.656255882388,593842.7014503821,True,True,True,
61017305.106505,8436.801777272332,744139.3845420262,True,True,True,
58523545.58553797,8432.497767938734,646541.5840058961,True,True,True,
81565938.76553202,8434.53677584739,1717632.7723486298,True,True,True,
56001122.84801094,8434.092773502965,592533.4452621591,True,True,True,
56239135.15763743,8428.194543509886,571073.7597951686,True,True,True,
56770278.701839946,8434.40807965968,592403.2097743395,True,True,True,
60151779.20527238,8429.32147910256,717834.2123553928,True,True,True,
58759711.35585843,8428.769473321814,693980.7376996959,True,True,True,
65921304.1323188,8431.54936334095,928373.7042530505,True,True,True,
61116069.768650934,8436.7532612393,729303.6129359781,True,True,True,
57873023.38594506,8435.677127352017,634057.2001430185,True,True,True,
55868057.820715904,8430.004623419076,557409.2483486533,True,True,True,
56285375.33574272,8429.10351635851,564746.0853964644,True,True,True,
83915274.13416892,8434.982954964462,2044207.8892535842,True,True,True,
57645176.61797312,8433.371178593337,623621.7303689788,True,True,True,
74171862.98982003,8436.387757439214,1445553.5486244694,True,True,True,
57619499.51052322,8433.794738235585,597853.9988299088,True,True,True,
57442199.77931865,8432.851912407581,624224.165102499,True,True,True,
57390993.36978873,8432.992179147963,626928.9002143103,True,True,True,
57315040.75060241,8435.543175170991,617404.7279418743,True,True,True,
73651610.73613732,8436.564582612671,1423908.7415082708,True,True,True,
74243600.13173406,8436.30603225297,1361225.495282785,True,True,True,
59977495.923202895,8434.232636886905,673926.9243757419,True,True,True,
75238079.91066694,8432.675625374237,1482735.8715569268,True,True,True,
74434601.6409288,8430.502461988146,1437548.679237803,True,True,True,
58202141.285602584,8429.915596908728,662531.1135205841,True,True,True,
64379599.87748605,8430.689462337887,919445.3080266259,True,True,False,
58331833.759516634,8434.435306244355,647708.752734032,True,True,False,
56027322.29440687,8428.364304096083,568835.571559292,True,True,False,
57607948.984827645,8432.145415895582,641306.4162939026,True,True,True,
58339652.793682285,8431.134126342904,629419.1724336927,True,True,True,
59650489.91985242,8435.782367862625,681688.7256228395,True,True,True,
58703499.604530476,8435.453342122211,680249.3135724309,True,True,True,
57789078.02138831,8435.100480161178,643109.6908825006,True,True,True,
62317510.53783271,8429.471316859426,768530.9703516281,True,True,True,
58509550.10024189,8435.481592618318,631528.7499584814,True,True,True,
62525457.68273863,8427.46907722142,761937.47554133,True,True,True,
56518533.26817457,8431.090811833546,621516.7493584369,True,True,True,
57756723.372648686,8429.343211251613,607784.9957357488,True,True,True,
64078903.00378281,8429.01550677643,868028.9968937963,True,True,True,
58163923.5745972,8427.698503378197,667039.9623456947,True,True,True,
60181726.9849796,8431.68802773337,680620.8070878326,True,True,True,
60342161.208481304,8428.933047437144,674777.1307552711,True,True,True,
80357440.34830269,8434.383228216586,1713257.4410741073,True,True,True,
55452455.827971175,8434.036463526318,585993.4887178538,True,True,True,
57473652.94701877,8432.574198782702,598622.6578409382,True,True,True,
70860072.56087491,8431.52184580953,1195534.9471078275,True,True,True,
82913617.45034632,8432.054928136078,1935810.5756974062,True,True,True,
57274056.50039406,8433.941528664325,624217.2025336721,True,True,True,
58267326.330207445,8436.001097130797,626987.3910181472,True,True,True,
72963509.5748361,8428.505591164454,1301851.3293973105,True,True,True,
56589281.23982899,8429.689976018506,567888.7058539048,True,True,True,
56925007.35188077,8431.350036333248,594658.6392943546,True,True,True,
58548819.78288402,8428.161104549394,659791.6048669409,True,True,True,
59293301.13910647,8430.604604479384,681462.340089217,True,True,True,
76751717.83630273,8429.955234738307,1439068.6652950966,True,True,True,
62196365.21200903,8429.304698270485,769277.3732437893,True,True,True,
83530674.72676249,8433.773633760084,2040254.957963092,True,True,True,
55401042.77738047,8432.364270381555,572444.0154511506,True,True,True,
56706607.26412298,8435.077422043652,622793.2905978751,True,True,True,
57145009.07640916,8430.981723936706,583732.9830292815,True,True,True,
56582746.390046455,8431.119608847575,584895.3927081588,True,True,True,
59570857.6823259,8433.354422912354,647243.4240222716,True,True,True,
58133135.33695303,8435.906841964323,640191.1096961055,True,True,True,
56792058.72427142,8429.208447933808,578955.2124532997,True,True,True,
57333043.54326,8433.557043724955,610035.8724462021,True,True,True,
56309092.964973025,8430.003172103576,565956.2640575884,True,True,True,
58105440.84966181,8433.19732844745,620587.3196009885,True,True,True,
57939255.48419396,8435.881245882569,640447.3560579723,True,True,True,
56135503.19002539,8432.073384221689,596424.4792795422,True,True,True,
57949421.2371362,8434.399787073713,662214.8959652694,True,True,True,
57409130.919523366,8431.577380114039,599017.6254828363,True,True,True,
69373465.47888002,8428.828006977572,1133623.2272886422,True,True,True,
56710285.792439446,8427.593283866645,610178.5952876445,True,True,True,
59459074.39104616,8433.087390028682,635404.4493359186,True,True,True,
59498916.892008126,8434.528219602254,658897.0206870821,True,True,True,
56996538.82955224,8434.79574885757,610777.8049213401,True,True,True,
56512440.058711074,8427.494883322817,615478.4074657668,True,True,True,
69986484.8307244,8432.485178710398,1094852.5996599074,True,True,True,
56471868.56448833,8434.003732495608,607892.8467128236,True,True,True,
60765044.143052146,8434.631610190487,772222.461161916,True,True,True,
79161520.01487142,8429.912789683027,1735707.0955499182,True,True,True,
54899694.06474054,8430.844551822642,581811.6485441847,True,True,True,
80213161.54072358,8430.87189406111,1685004.416325838,True,True,True,
58157513.03677112,8433.542866766038,680447.0440882761,True,True,True,
62305480.517425716,8428.338042160389,797101.2308282353,True,True,True,
58336894.930664696,8435.4323748911,660234.5150664251,True,True,True,
70909615.11210606,8431.47896221157,1256458.2868489157,True,True,True,
61232723.438459165,8429.117017376102,721124.510588249,True,True,True,
56881037.275929764,8427.89978723603,564327.8589808566,True,True,False,
59594995.22362137,8427.840016991975,761305.8536311572,True,True,False,
56284442.26172393,8427.81373193273,601503.0915673544,True,True,False,
57709097.54497934,8432.321942923749,622556.222688746,True,True,True,
69518273.48055714,8428.562179063407,1084902.471550108,True,True,True,
60634313.29586612,8431.24319808972,755328.7073534965,True,True,True,
73411552.56047079,8428.255425015574,1426294.2537257886,True,True,True,
55859700.696938805,8434.186598899341,581786.8922059162,True,True,True,
57371040.76538133,8431.289311965826,595896.2868837769,True,True,True,
76206915.48587446,8435.830007746737,1495740.5366618917,True,True,True,
57716951.05244186,8428.92951354327,621432.6358965366,True,True,True,
71295017.44734678,8428.20220427235,1215306.7446456384,True,True,True,
60855374.90827261,8434.947462516891,748219.8042782254,True,True,True,
58910499.85624224,8427.722933217672,670128.9515140469,True,True,True,
61307990.078896545,8430.934013968155,710099.2894038993,True,True,True,
62342599.62695753,8434.04775942804,773873.7321999992,True,True,True,
61263288.781781,8431.759423766758,697825.1422041237,True,True,True,
72267696.21806777,8429.702581003272,1319430.2465636209,True,True,True,
72938129.39497177,8430.432750825055,1228744.1144764638,True,True,True,
61999615.1236303,8432.160912471394,716718.6705148107,True,True,True,
73202154.92538592,8435.804801907625,1395806.8699348005,True,True,True,
59451146.1616818,8436.282636009862,683036.712193691,True,True,True,
73224196.97165306,8429.369699450926,1355139.8569678026,True,True,True,
56390055.24407497,8428.524459898077,570534.2275127212,True,True,True,
58035029.280603185,8429.77712926748,600910.5571038234,True,True,True,
58218170.9042607,8432.523628203176,659185.4967513949,True,True,True,
59501908.38834514,8432.315266166168,640136.4054004616,True,True,True,
57463755.30157195,8432.763591755389,594692.0079377205,True,True,True,
60130248.91450144,8436.736086036892,725071.5030156928,True,True,True,
60313792.6856945,8436.621475605001,717347.311407714,True,True,True,
76684399.13992068,8434.896201580943,1507591.318572414,True,True,True,
56617512.276360534,8433.624863116302,591856.7739974075,True,True,True,
57867601.879601985,8436.161604365274,637524.3597023012,True,True,True,
79196187.18919839,8428.47690718566,1780556.199700948,True,True,True,
80455591.87697269,8433.51489070973,1740855.7087388912,True,True,True,
56503288.270005204,8427.690248096102,573270.0249043099,True,True,True,
57249272.865742,8435.653499241982,638262.5764189635,True,True,True,
74144203.07292426,8428.907113191424,1366111.6656772878,True,True,True,
55470204.35881984,8429.486923517836,598163.3139563493,True,True,True,
58377091.76390363,8430.739985489925,630071.3135128719,True,True,True,
58304837.8445597,8434.827259980068,669276.3163566381,True,True,True,
55202626.23293591,8429.796926529492,570022.7768712462,True,True,True,
57848745.1603807,8435.357654747848,677797.520735669,True,True,True,
84104799.16212274,8434.359859063255,2027869.4189571799,True,True,True,
55982871.942838974,8432.683457359406,591360.1164658993,True,True,True,
57468736.121704236,8431.754221990766,600163.2665438679,True,True,True,
58068116.57853272,8430.911811454996,612166.4489866685,True,True,True,
57905689.17063289,8433.224829568806,624168.1906357066,True,True,True,
58132077.846590646,8434.282257126823,643542.0913579904,True,True,True,
58782031.0949573,8435.513094875769,650002.7856461471,True,True,True,
56929126.506019935,8428.283231241434,581406.5467656775,True,True,True,
57503294.15112951,8427.950255937445,578342.2847157059,True,True,True,
57756182.44335235,8435.268916184104,607983.8672467727,True,True,True,
56303058.30022114,8430.90825341238,566416.2131187383,True,True,True,
56773200.52562496,8427.292891108205,586095.4816326833,True,True,True,
64616215.43984059,8429.59696378523,939111.8873147708,True,True,True,
66003865.56103984,8427.426069364334,898672.7646640339,True,True,True,
60786091.62663724,8428.812060341212,752856.4378592093,True,True,True,
62033609.34130399,8431.206767426069,743118.6346445455,True,True,True,
62437114.11564096,8431.8107534587,751266.4778522586,True,True,True,
61825942.9960064,8434.264646581214,787789.6847514025,True,True,True,
78895642.59429651,8432.202614266107,1584507.7778982488,True,True,True,
83602359.01849054,8436.605295476977,1841275.959969476,True,True,True,
59351184.683765456,8434.227375267967,681010.0956804415,True,True,True,
59169374.53711374,8431.60106029313,620612.6504595025,True,True,True,
58119636.33566689,8429.062359201598,664363.8406615917,True,True,True,
57995657.59696552,8436.024924701353,637989.5494656999,True,True,False,
58614285.19018756,8430.795664682817,621284.9565766256,True,True,True,
57845733.20142337,8427.482722692766,609162.8556324869,True,True,True,
58791376.197803006,8428.817038876705,654991.6336036043,True,True,True,
59661769.07856629,8431.541244601287,659344.3938971556,True,True,True,
60032378.52982207,8435.57857426261,671686.3616107039,True,True,True,
56471629.42879176,8432.510604766338,572962.7969094879,True,True,True,
81999557.95492655,8433.994429050648,1777091.0514157626,True,True,True,
56616739.928674646,8433.645270359768,590708.5733568943,True,True,True,
58317186.77235164,8427.455374788535,651455.8818810666,True,True,True,
59295049.690580785,8432.003764047726,664431.0927290033,True,True,True,
59778506.521659516,8433.480990905831,671822.3848826736,True,True,True,
77158388.93898058,8433.812966743486,1502507.028280139,True,True,True,
56263311.004011154,8429.676810060128,580934.6417136401,True,True,True,
58017364.17244637,8433.29319479906,613444.7023639458,True,True,True,
58347771.24539301,8436.498862298715,669067.5831435147,True,True,True,
67741123.32225624,8427.319247867508,996435.345114082,True,True,True,
62227222.951202154,8432.60777185039,764027.7942275769,True,True,True,
61931773.9941066,8433.305831698333,797646.21957872,True,True,True,
59747841.60678515,8427.660183914139,706671.9396139757,True,True,True,
61317292.55669578,8436.792541227183,777345.9127193813,True,True,True,
71895987.315806,8433.590353351356,1321679.7000550039,True,True,True,
71708417.29733485,8427.829745694202,1200187.8664962375,True,True,True,
59335811.38717674,8431.867452335784,676871.0557344321,True,True,True,
64916270.23660556,8428.911168439821,881439.7970912148,True,True,True,
68660024.34738898,8428.382875948293,1034784.1308904454,True,True,True,
63269092.67125508,8428.198135631517,746361.3743784569,True,True,True,
62678204.32319976,8433.531383383932,827677.9878346069,True,True,True,
82435506.9384732,8436.588501347129,1774450.6178600846,True,True,True,
62739319.91553572,8429.521332857415,779927.2487052412,True,True,True,
65113764.13403041,8435.749815053709,901988.4523325834,True,True,True,
58739244.59880629,8427.372621256809,664512.5791014449,True,True,True,
60911856.626783065,8432.891550324735,738462.6482490822,True,True,True,
60163570.91165923,8434.342492044949,688832.2276608777,True,True,True,
57063966.23481781,8429.86628561724,637679.7814148802,True,True,True,
58260942.84533104,8430.68173148213,636062.0100028293,True,True,True,
59353947.40110563,8433.454647487635,655018.9923648005,True,True,True,
59385298.703503504,8432.187150103786,637059.9038937932,True,True,True,
58643521.45801968,8433.012095322687,682454.227445395,True,True,True,
60087217.31358324,8433.826129017241,677635.7634172897,True,True,True,
86896738.73620346,8435.955074719688,2191463.864994634,True,True,True,
56036946.330682,8430.711125896003,562672.6180415413,True,True,True,
56449882.44922904,8430.268393931816,567129.5652536732,True,True,True,
78250475.42889315,8430.84700803626,1624239.3943305921,True,True,True,
56058997.938010804,8433.426179939132,592649.241566521,True,True,True,
58609151.84360619,8435.721141810085,636826.390814362,True,True,True,
56426015.87344615,8427.876429792412,576787.5570284677,True,True,True,
75474356.27920339,8431.72182047598,1406666.411413003,True,True,True,
55695256.96083066,8429.959547318558,602681.5507943981,True,True,True,
56806498.82133786,8433.681191154683,614879.9522105062,True,True,True,
58261258.5681576,8433.652497009696,622429.5707269283,True,True,True,
56458111.799678564,8431.295162859113,561614.4595254082,True,True,True,
57073909.42391515,8427.796683717117,580026.5054075569,True,True,True,
57296135.853521824,8429.089612589398,603424.5468292737,True,True,True,
80517349.01340123,8430.059331352693,1801446.4199989003,True,True,True,
55557127.707627945,8430.476205858244,559100.0630118027,True,True,True,
58137589.88899016,8428.009287384033,635564.5422213553,True,True,True,
57183363.8727927,8435.69649692811,634452.6057305629,True,True,True,
60204569.85509602,8434.293724873021,705681.7530793538,True,True,True,
56021247.925492756,8427.669125354687,594321.3916500541,True,True,True,
58233971.96101754,8435.01988450288,673411.393019753,True,True,True,
56164984.41646595,8431.358727338991,555524.5397659899,True,True,True,
65776945.05945105,8434.850749777184,936216.6161877122,True,True,True,
57955449.90855984,8429.598304366331,599666.075053908,True,True,True,
55914927.80976437,8434.421529479296,591866.6218776827,True,True,True,
79018900.61145101,8429.132682836975,1638467.0404105922,True,True,False,
