23798.9832889026,True,True
20196.197245994797,True,True
15790.104339465839,True,True
17193.28402797025,True,True
18060.699554791696,True,True
18655.95558067601,True,True
26498.361594438207,True,True
15872.81684908647,True,True
14398.158996592965,True,True
15610.357909217377,True,True
7634.620170507149,True,True
25579.78256671814,True,True
24458.040242527517,True,True
8844.76221283906,True,True
10588.213901249452,True,True
21725.806522265735,True,True
19430.901232602206,True,True
16878.90113411861,True,True
23014.73382687402,True,True
24284.24914903762,True,True
21298.33067808416,True,True
24777.0427657376,True,True
25671.28122171759,True,True
25781.381285439355,True,True
25894.458646918923,True,True
24635.563258344326,True,True
19449.958846017493,True,True
25324.482633297877,True,True
13778.380473190711,True,True
19807.607203315194,True,True
9126.067612898376,True,True
22967.359801860053,True,True
21736.533801204718,True,True
25517.07234851142,True,True
16012.524101264327,True,True
17013.137361087574,True,True
26229.03735157648,True,True
17831.08837478255,True,True
7095.925258836747,True,True
18582.009242011765,True,True
25326.676020635656,True,True
25733.036630752635,True,True
23590.632160985682,True,True
14668.458798864536,True,True
10614.316200494284,True,True
14270.546565107383,True,True
20952.9645533269,True,True
20771.964835489125,True,True
14553.293017380493,True,True
14420.877609219619,True,True
18203.582022647977,True,True
17831.589320385792,True,True
25854.050131477015,True,True
23819.36834376397,True,True
17862.29214969773,True,True
25461.780615739684,True,True
15756.385183989763,True,True
8679.028677816057,True,True
24535.83075905173,True,True
25849.35764349786,True,True
6851.03180131734,True,True
21804.301085623698,True,True
16224.771507824082,True,True
21441.4901635328,True,True
7572.593901345368,True,True
24352.791281373986,True,True
20856.175732604264,True,True
18331.259934821093,True,True
15423.387141529909,True,True
21365.315460573333,True,True
22069.048991832635,True,True
26386.61511974442,True,True
21624.54937135894,True,True
9431.93772650296,True,True
21067.318791600323,True,True
19339.113188398893,True,True
17108.1589029104,True,True
18959.807546739263,True,True
24072.39139862632,True,True
16166.784071439688,True,True
21705.41332526788,True,True
19864.878964031857,True,True
21723.7127678113,True,True
16886.78230632747,True,True
26456.40723075353,True,True
10890.720550689808,True,True
17987.87980913589,True,True
21004.481065328604,True,True
16908.347892618833,True,True
22030.314288853824,True,True
20993.489475124516,True,True
16062.600778823477,True,True
12284.082488686307,True,True
20526.616898717657,True,True
18077.62995791124,True,True
9498.620576929297,True,True
24950.794812799148,True,True
14716.383904587674,True,True
17240.182035604936,True,True
25304.58821724773,True,True
9171.95850379258,True,True
20214.191492651422,True,True
19317.486917260263,True,True
9470.425579335906,True,True
20355.628888919353,True,True
24630.273657564852,True,True
23834.77310408803,True,True
18785.66308398822,True,True
25528.408055672626,True,True
24325.090613998695,True,True
26317.507859342702,True,True
26821.164422803064,True,True
18459.20389681305,True,True
25292.79517065482,True,True
16003.136294372045,True,True
9701.691487593043,True,True
14803.72438516908,True,True
27277.981122827336,True,True
11411.68286480209,True,True
17800.673039498593,True,True
25360.255401367194,True,True
8863.06541554992,True,True
22367.637002175903,True,True
25332.015873552882,True,True
18317.553291065004,True,True
25743.186256787776,True,True
16104.558447314887,True,True
20399.21527709037,True,True
12803.140377589725,True,True
20135.72886331709,True,True
20999.372209832298,True,True
8849.204541951704,True,True
23248.00820501498,True,True
24897.21751148106,True,True
12761.160677051315,True,True
23219.416249888847,True,True
14966.542052463032,True,True
12622.411039640812,True,True
25078.943001838343,True,True
25257.93618534507,True,True
16524.373062182967,True,True
16480.47243833646,True,True
15667.77110779446,True,True
18597.03012117344,True,True
14321.027428152584,True,True
20445.45572107668,True,True
16814.684743481805,True,True
25500.765025722874,True,True
20647.35819424721,True,True
25198.529453782314,True,True
12644.117753991359,True,True
19312.300690780678,True,True
19941.37911637105,True,True
22984.239947361537,True,True
14932.171764650608,True,True
24673.535260366443,True,True
25642.778419425475,True,True
22621.501857642594,True,True
23338.840960424488,True,True
10044.429703755306,True,True
20611.042546619057,True,True
22539.487956082077,True,True
25447.742550631137,True,True
8509.295772447285,True,True
24998.811679750233,True,True
21958.99765754724,True,True
21612.34470123741,True,True
11532.075542133749,True,True
21670.219967794394,True,True
25970.56781378756,True,True
24357.653150948012,True,True
14780.741913215108,True,True
21958.586793881535,True,True
16185.202483484443,True,True
17066.737554804826,True,True
18504.581236475122,True,True
16602.49548377625,True,True
11911.809618609102,True,True
23182.3241788054,True,True
16598.803720513555,True,True
18647.633044447713,True,True
5136.317127463908,True,True
17892.34732439115,True,True
21195.416470393626,True,True
23637.19498643699,True,True
13086.944483889049,True,True
7654.505835889364,True,True
22237.028989020793,True,True
23871.22952122659,True,True
23766.761157354405,True,True
16928.3600818832,True,True
12927.665562680495,True,True
16128.810307662998,True,True
24225.689412618718,True,True
19945.197038907463,True,True
18920.641070458405,True,True
25832.786129133347,True,True
19088.835809958116,True,True
25010.677794476986,True,True
20866.01740092448,True,True
16006.00020003647,True,True
25399.55203942027,True,True
18871.23182147193,True,True
13710.600699719897,True,True
19048.24161330479,True,True
15084.357532233027,True,True
22088.96679271679,True,True
25346.070709597676,True,True
25359.743964048655,True,True
17232.9709538928,True,True
19910.982651884013,True,True
15489.34717619833,True,True
12945.183886100518,True,True
17036.228873355583,True,True
24319.456736773318,True,True
13685.02067433378,True,True
26720.96385419689,True,True
16433.920978994276,True,True
24155.693923967905,True,True
22058.64174413739,True,True
19734.03064977622,True,True
22049.49558637896,True,True
11361.632364075269,True,True
16891.043796161764,True,True
25332.75123775901,True,True
22710.01431457955,True,True
23259.82683208187,True,True
25413.695659167286,True,True
10393.56265268034,True,True
18202.677526339703,True,True
11622.278809620488,True,True
8901.85850744763,True,True
18277.43703988132,True,True
6532.342446655843,True,True
23618.449617591577,True,True
25421.36320305422,True,True
19999.026514649326,True,True
25494.424745692726,True,True
21480.570645940294,True,True
24283.90445611355,True,True
15160.997141221485,True,True
16983.90018587596,True,True
6434.735756641539,True,True
10076.98243102339,True,True
20234.524361794724,True,True
10051.842331494478,True,True
17948.916649872488,True,True
11618.880890814979,True,True
16660.93441141839,True,True
8785.166733325716,True,True
22519.750678495664,True,True
29830.088849487664,True,True
22624.824028729912,True,True
15512.737413911169,True,True
27113.84835830178,True,True
14676.853877116502,True,True
19844.237021533976,True,True
25805.236418001405,True,True
19275.337413543133,True,True
25359.91358812365,True,True
8654.283389843784,True,True
25364.522789330804,True,True
24121.595910942753,True,True
26087.887000159164,True,True
24521.26575581346,True,True
24184.63312016867,True,True
12104.634347052874,True,True
14629.374370124158,True,True
20981.635008973957,True,True
11662.360419753475,True,True
22205.256268967903,True,True
20974.849856179964,True,True
15434.87628510792,True,True
25006.0962706424,True,True
22162.976061914385,True,True
9786.794211420192,True,True
23387.663766211444,True,True
23735.26742129615,True,True
19479.65872089618,True,True
17796.21542972239,True,True
25511.366222755387,True,True
24175.389056545486,True,True
14504.247463630103,True,True
21443.161752053395,True,True
18008.66776137625,True,True
17530.875149509127,True,True
25349.773713949337,True,True
15457.912265671583,True,True
21553.445970307825,True,True
17716.189870160735,True,True
25319.47762755566,True,True
13595.868220880187,True,True
25231.255874630202,True,True
10045.95466964036,True,True
18012.927478330508,True,True
15574.614047965342,True,True
15591.409632673196,True,True
26321.545334588205,True,True
23026.759470686447,True,True
16012.134049213939,True,True
29578.477388299012,True,True
19814.820535792802,True,True
18415.242116138546,True,True
17879.280656020153,True,True
14014.695375101192,True,True
19423.838804425715,True,True
25362.52295164037,True,True
24902.13845015825,True,True
25702.680908066417,True,True
26038.596009449822,True,True
17848.817653118538,True,True
12000.08032001823,True,True
11401.768222014187,True,True
16758.873649704095,True,True
17922.551328266094,True,True
19510.554801979823,True,True
13162.936144753377,True,True
15089.613823262553,True,True
18386.50191702087,True,True
11029.66820303591,True,True
21790.21722307846,True,True
24538.00218241621,True,True
18090.718179710806,True,True
20841.16629459708,True,True
25085.59002272535,True,True
9257.013162359928,True,True
17301.640172850988,True,True
20823.563719053098,True,True
22301.785883073877,True,True
25117.634231638578,True,True
7250.635585768336,True,True
24568.66136197962,True,True
25433.488687093944,True,True
19062.27631973793,True,True
25709.53583953787,True,True
19816.453963802764,True,True
12620.89878534647,True,True
19712.30875751036,True,True
15221.154955156528,True,True
25550.780106952578,True,True
8159.536807657552,True,True
15850.090529055751,True,True
20870.13788479372,True,True
25595.48203069134,True,True
16525.23831740713,True,True
28153.831736575477,True,True
24344.8609771801,True,True
27860.588769371883,True,True
8857.547944084405,True,True
23131.881080897787,True,True
22122.5424069602,True,True
14968.535874428748,True,True
16164.59268325068,True,True
24751.789495014593,True,True
5087.571016345322,True,True
23858.429090355537,True,True
25403.051773604908,True,True
25579.993451558512,True,True
16920.393457250502,True,True
18016.322761363615,True,True
16517.886124601027,True,True
8480.686838737796,True,True
23413.746820501867,True,True
22710.149727618893,True,True
15036.013532064524,True,True
6730.178086875365,True,True
15606.358497748317,True,True
21520.63312590784,True,True
24128.757529804236,True,True
24546.848374189758,True,True
18361.98074749131,True,True
25285.073338702663,True,True
25520.56908435452,True,True
24876.354314442884,True,True
15923.688630495195,True,True
19245.922891630613,True,True
17313.71882437522,True,True
19665.2208884922,True,True
25097.034448367187,True,True
25868.488798742306,True,True
25199.88804730208,True,True
25322.844120779555,True,True
24945.924847752103,True,True
22132.194435893136,True,True
18405.356627979745,True,True
16229.8930828875,True,True
19915.428926672706,True,True
18310.322126525356,True,True
25498.480023135708,True,True
24057.729443811113,True,True
9439.007358899531,True,True
9464.243712799484,True,True
25329.670726485565,True,True
23682.525577496745,True,True
13206.887755983314,True,True
17066.710913461015,True,True
25561.34438687023,True,True
24473.725684013483,True,True
19562.245781527163,True,True
13017.012608121253,True,True
9004.267535833078,True,True
20108.593550521335,True,True
25104.540999258286,True,True
19434.143487548827,True,True
11980.340443982015,True,True
23618.50896463744,True,True
12992.61788473269,True,True
14690.043335656219,True,True
16877.99452899537,True,True
13654.649052349432,True,True
25454.692162337127,True,True
25620.258096764766,True,True
20640.785714836424,True,True
15711.882122829404,True,True
16761.16408769948,True,True
23897.103272995228,True,True
18742.856244461145,True,True
18621.15716503734,True,True
4065.8131011310634,True,True
19404.41764877853,True,True
13325.367943525374,True,True
20569.235624004352,True,True
25257.227601444025,True,True
18839.035868160296,True,True
16698.700843871542,True,True
22321.58042354908,True,True
18159.226856737165,True,True
23319.647487380782,True,True
23244.025910702534,True,True
22605.58983484472,True,True
17830.207517438997,True,True
18278.74422701893,True,True
20022.871663793114,True,True
20814.186653358724,True,True
20034.165502669544,True,True
19008.82771750721,True,True
24892.015199076613,True,True
25367.80613276214,True,True
21091.222858889385,True,True
14618.578893353466,True,True
25202.465188234477,True,True
23892.849933666243,True,True
21702.205376936046,True,True
19741.576187712788,True,True
19457.258806280173,True,True
24497.0891048583,True,True
20581.16974573688,True,True
20922.98338163797,True,True
25830.850105831836,True,True
23900.467648135058,True,True
19616.66332499114,True,True
18103.678239893517,True,True
25251.23557653364,True,True
16480.4636857659,True,True
16501.994557295646,True,True
20437.688099994746,True,True
24864.852592456544,True,True
14838.424515855637,True,True
12039.046693782664,True,True
25356.043917294483,True,True
17972.0584585449,True,True
25311.4119086251,True,True
19901.17390753799,True,True
17896.047580632956,True,True
17790.265908887428,True,True
25615.90701002856,True,True
12080.29268700517,True,True
18831.395339496594,True,True
17508.030523653608,True,True
25696.08278942927,True,True
16725.74127887324,True,True
15705.473298015211,True,True
19834.35050387308,True,True
15840.743853976657,True,True
17983.848546515685,True,True
18491.656844939025,True,True
25586.142614262037,True,True
20958.208088647585,True,True
22505.688094630073,True,True
7816.905053285851,True,True
17746.9454611552,True,True
22327.511870810747,True,True
13117.53536688975,True,True
21323.32126455874,True,True
26399.13223086892,True,True
14789.868029937968,True,True
13388.41883213315,True,True
11600.003621303003,True,True
24647.149429051322,True,True
15212.432139513823,True,True
23628.10421340481,True,True
14651.432340875139,True,True
25667.98783255492,True,True
15737.729066619368,True,True
25113.185824519827,True,True
9804.19956416876,True,True
23950.748395230185,True,True
17351.91352577721,True,True
25397.759470856785,True,True
22573.42720356807,True,True
16496.943920892398,True,True
21277.74188117781,True,True
11200.345558559802,True,True
9564.618913674747,True,True
25780.61151790717,True,True
17922.22255400198,True,True
26428.71837849877,True,True
7399.602550860309,True,True
10024.572657962524,True,True
21558.937572261086,True,True
25516.087355319825,True,True
17257.10121956087,True,True
23724.334189656678,True,True
15148.250135921373,True,True
23021.055922573352,True,True
25167.728022261465,True,True
20066.79445119005,True,True
23872.362132894526,True,True
22984.63779601029,True,True
12199.505903529245,True,True
29222.626901157782,True,True
19212.65396724669,True,True
18716.620548254687,True,True
23385.72841273094,True,True
23343.207707538102,True,True
16018.473168898443,True,True
24757.51030723667,True,True
23774.679515156,True,True
9585.378756960037,True,True
22850.95473372074,True,True
25213.505961210987,True,True
21341.60028176228,True,True
24530.71160898541,True,True
7974.636665664171,True,True
26757.782007542242,True,True
25552.98376737738,True,True
19565.309821681163,True,True
18848.031367544078,True,True
25534.945820531233,True,True
25341.21550979421,True,True
26592.663995283616,True,True
24195.225839840947,True,True
16960.02594846933,True,True
23180.531973956735,True,True
25654.01528036905,True,True
16728.069039275175,True,True
20537.5168683006,True,True
24058.42793640818,True,True
6277.608947610153,True,True
13677.516190633352,True,True
18121.734852849186,True,True
19428.097864222254,True,True
15186.988150320687,True,True
24289.051245678318,True,True
25593.21727039399,True,True
25836.83454247564,True,True
14889.745401926892,True,True
25704.2331317692,True,True
25876.085782500006,True,True
16512.677258711665,True,True
26180.4023133156,True,True
19982.425276101632,True,True
12856.145538706904,True,True
32699.03626974285,True,True
15756.257353258081,True,True
14633.401802704813,True,True
22097.91032178016,True,True
14981.91059442361,True,True
15794.313538395416,True,True
19705.25444166288,True,True
20044.252254869916,True,True
26745.873607196612,True,True
22285.220702507548,True,True
25133.44967606857,True,True
15232.612992467204,True,True
22281.950654911052,True,True
12982.265407739469,True,True
17815.57643029718,True,True
10531.024395346732,True,True
22616.384242677297,True,True
16089.997315634317,True,True
25019.642351192153,True,True
16881.547088252253,True,True
14283.55290964819,True,True
15088.750563372145,True,True
10964.406100490873,True,True
28314.95509085228,True,True
19790.63412508551,True,True
18989.789174955997,True,True
15362.185102347516,True,True
26016.52251702705,True,True
11262.419590533435,True,True
24954.698050211256,True,True
24511.472707576904,True,True
25705.429414438222,True,True
18562.042788408835,True,True
24423.662873128822,True,True
16565.118969778385,True,True
23588.5487810291,True,True
20956.72424717457,True,True
25351.59032277269,True,True
17774.1235958342,True,True
15128.23883382054,True,True
19620.306481680498,True,True
25589.950502758787,True,True
17356.129580881312,True,True
24531.401562796298,True,True
24598.19606650438,True,True
20515.12193744815,True,True
25423.290802871452,True,True
15757.792255210561,True,True
25677.603669387925,True,True
15589.824702198806,True,True
8959.268105745488,True,True
16910.5899722252,True,True
24895.246517298867,True,True
25392.29068973277,True,True
17348.84107156611,True,True
15306.956112737795,True,True
25262.646711465364,True,True
18200.76603286294,True,True
18553.904744257587,True,True
10946.148142694105,True,True
26344.563665647005,True,True
27055.88572938378,True,True
10990.417204880121,True,True
24494.960295732977,True,True
20327.07950336527,True,True
10674.624299598554,True,True
30506.735749391177,True,True
10002.229698981433,True,True
9854.779262740849,True,True
24804.940029323305,True,True
23257.547062611426,True,True
16109.099485397415,True,True
19861.3457242752,True,True
19454.228330402715,True,True
13307.232167866327,True,True
24240.14692272876,True,True
6824.663782642523,True,True
25393.856873555393,True,True
24291.571174795114,True,True
17470.347540881543,True,True
20154.022877639378,True,True
22814.88915832984,True,True
24292.036436725095,True,True
22468.957557504677,True,True
21041.090184210672,True,True
21344.261268607093,True,True
17924.271899851803,True,True
25529.61090283192,True,True
25342.010678601433,True,True
25669.92909920546,True,True
12156.997414152169,True,True
22820.727158664013,True,True
26535.789979223286,True,True
19006.931828587127,True,True
20892.319752386386,True,True
15977.170729778465,True,True
17424.01288620111,True,True
25107.419266658384,True,True
26250.254940898907,True,True
17851.86361943099,True,True
22517.585998462244,True,True
25458.69187247016,True,True
23731.36702186428,True,True
21954.110854683306,True,True
19047.52451519815,True,True
15625.922128865262,True,True
8683.470426215652,True,True
25098.039590981454,True,True
25706.4294313898,True,True
25795.3727227372,True,True
17094.41224820136,True,True
19869.205236594244,True,True
16570.91348128542,True,True
25269.9182298118,True,True
25721.875069056732,True,True
24939.37960927825,True,True
20306.204039343997,True,True
7610.050241191673,True,True
19323.263629122725,True,True
20705.06264411057,True,True
24893.158157738733,True,True
17623.199668787576,True,True
25524.789933167514,True,True
20446.523868702425,True,True
8899.601395689722,True,True
25606.703366925285,True,True
18290.44003505984,True,True
25365.615622597645,True,True
25863.96606891151,True,True
6252.016271493987,True,True
19461.89916938376,True,True
20878.133757410946,True,True
14189.083998009799,True,True
24889.0974415955,True,True
25241.65555363243,True,True
21937.828661657215,True,True
20249.744653981805,True,True
4827.145169942207,True,True
28493.6011178181,True,True
7256.102194238496,True,True
24710.417456410578,True,True
5670.211234573173,True,True
24596.356396363954,True,True
16118.82664154618,True,True
25327.039572703565,True,True
26020.226274789777,True,True
26397.383488361673,True,True
25923.59841593812,True,True
16872.113601401492,True,True
24221.557081811632,True,True
19302.88909498263,True,True
17633.10222865517,True,True
12761.91357395418,True,True
23873.809993979798,True,True
21900.548530722663,True,True
15116.965259344008,True,True
22763.35979183726,True,True
25007.563128173024,True,True
11702.346439110715,True,True
16295.217008234118,True,True
24399.33506421165,True,True
24378.21497799139,True,True
21660.56824585917,True,True
23301.904397011658,True,True
21488.82455029393,True,True
12241.555601677152,True,True
25879.581841524912,True,True
20845.30276843832,True,True
12590.937662934153,True,True
18315.56393051234,True,True
9069.768986234862,True,True
24492.315334755956,True,True
23482.012113471093,True,True
11300.118297329931,True,True
8036.9207870803675,True,True
28347.652809282037,True,True
23340.34863258559,True,True
16178.074111421236,True,True
25626.360588058924,True,True
20734.31259759392,True,True
25943.354301193416,True,True
21805.790286262963,True,True
19528.230465608503,True,True
21120.96798365612,True,True
18737.077090180366,True,True
19445.57338616489,True,True
23374.100954263144,True,True
19331.02701460245,True,True
17700.103339458976,True,True
27378.02328238431,True,True
21861.230314247252,True,True
20413.287786803437,True,True
25485.238104496617,True,True
21431.161450311978,True,True
21100.35541947219,True,True
19915.89964216525,True,True
9283.261106571636,True,True
18135.697093198563,True,True
6669.818552689281,True,True
19184.644115843497,True,True
11675.73837472966,True,True
16550.823032301603,True,True
17368.723811952095,True,True
22586.52817675527,True,True
8587.540670051674,True,True
25368.698813323696,True,True
18908.327026147075,True,True
25333.581145269316,True,True
19232.302690772296,True,True
25607.6030113897,True,True
15394.785585714164,True,True
25688.531139759478,True,True
18401.61397271741,True,True
20215.40869044484,True,True
23996.152278900932,True,True
24495.869746239183,True,True
20608.135628963704,True,True
25334.618494432172,True,True
26269.642720661526,True,True
24242.216866001472,True,True
17548.67918511445,True,True
24135.76999774985,True,True
25565.086594724467,True,True
17478.67687832602,True,True
15134.454230209707,True,True
22534.03777628574,True,True
16780.97129332585,True,True
21790.496680278608,True,True
7826.865957199845,True,True
16191.345169041078,True,True
16242.962169127715,True,True
25326.546597284723,True,True
19506.62395658756,True,True
7394.310376437221,True,True
19867.00175847007,True,True
24796.507308769316,True,True
25469.823155397033,True,True
17890.49808551602,True,True
16586.521105925945,True,True
23961.631104638087,True,True
9626.344997663366,True,True
6217.914613136827,True,True
25332.8431284198,True,True
14936.882119207503,True,True
21628.83342573038,True,True
15840.532612725941,True,True
22207.592731843695,True,True
7798.749885368965,True,True
10961.375792476474,True,True
25375.60394877485,True,True
25295.43634811326,True,True
12966.28435390397,True,True
17785.65945073015,True,True
12158.971959895098,True,True
27489.828934101977,True,True
19629.10506446289,True,True
16237.293573169825,True,True
25577.446035338777,True,True
25078.795687399594,True,True
15420.165488704823,True,True
25459.914333857963,True,True
26084.652984694614,True,True
22211.644171943604,True,True
25067.992629669596,True,True
14421.237295750352,True,True
21761.838661968955,True,True
16294.318283358925,True,True
12754.590649579075,True,True
27529.715173939694,True,True
11561.158052878365,True,True
25452.15186431568,True,True
24776.108893728633,True,True
16004.850289974793,True,True
17337.479725942452,True,True
25208.781163916115,True,True
14115.671889917767,True,True
17588.214952780967,True,True
7865.150613132693,True,True
9088.824719576462,True,True
23088.266401473826,True,True
25087.842128297347,True,True
15066.598666008224,True,True
8270.4450536817,True,True
23350.065365565177,True,True
10558.512748304134,True,True
20197.024028796113,True,True
24314.871475915366,True,True
15654.770517512088,True,True
17600.157967352257,True,True
26495.577116080865,True,True
24584.46870212422,True,True
25684.568289675153,True,True
25849.3967098726,True,True
23980.88015185362,True,True
19036.2946576654,True,True
20759.92792768079,True,True
13204.99441626468,True,True
17891.01711922529,True,True
22140.361515431367,True,True
20896.28109864321,True,True
15254.417427281549,True,True
19316.61599196567,True,True
21552.795114988126,True,True
20379.760172895374,True,True
24303.640382389218,True,True
19342.290040071206,True,True
8476.79634335882,True,True
18890.421401110514,True,True
16877.139105379167,True,True
24905.883382737327,True,True
14634.75406614298,True,True
16163.630318173551,True,True
20898.79970830283,True,True
16115.43888254464,True,True
14926.348990885748,True,True
17969.412745479938,True,True
21044.627400067,True,True
9698.261571817276,True,True
18691.136341205194,True,True
27610.408678007116,True,True
20676.364541413124,True,True
11330.722751927793,True,True
28446.547995547153,True,True
22867.071753829037,True,True
6671.350503123429,True,True
24542.290930571617,True,True
25088.927999251027,True,True
24089.46589271391,True,True
24188.00430769821,True,True
22390.979408417203,True,True
10949.48582512616,True,True
16984.487598366133,True,True
21879.247774672272,True,True
13981.747520431554,True,True
19057.27645668828,True,True
26559.42263959424,True,True
13465.77747851634,True,True
16879.94474418623,True,True
24593.50645169922,True,True
14446.765424918798,True,True
16691.84457802711,True,True
7741.598177192245,True,True
25086.840919186845,True,True
17120.62412895044,True,True
17820.998046245422,True,True
25478.29779174496,True,True
24270.957937436127,True,True
13661.692886539968,True,True
15758.413509212389,True,True
18826.308869544177,True,True
15616.335360065992,True,True
22076.610945348708,True,True
18438.811043472117,True,True
25064.647302669633,True,True
20822.36641149438,True,True
18043.11156181446,True,True
11625.05173520898,True,True
16817.69836573922,True,True
24717.739133344556,True,True
18993.78823142122,True,True
21047.13058220593,True,True
9453.218305422522,True,True
24370.390641399834,True,True
22347.096325356848,True,True
15115.388878922375,True,True
13635.150114266871,True,True
22193.40549681882,True,True
25618.28091410236,True,True
13615.890057203711,True,True
15426.78230026902,True,True
16618.046234501788,True,True
17990.111613151,True,True
22705.5899015466,True,True
21764.397319968335,True,True
20226.04278446919,True,True
28985.106424735997,True,True
25697.247429501913,True,True
12014.231475326884,True,True
24696.896900187967,True,True
15485.741792002427,True,True
25424.93993343484,True,True
25717.82174505322,True,True
20583.54115447886,True,True
23970.95010874436,True,True
14961.382088276065,True,True
21303.272408051518,True,True
21199.48793747671,True,True
18087.987098682956,True,True
25194.14308796235,True,True
24055.354047686895,True,True
18300.697640774168,True,True
19680.988558450612,True,True
10565.321936661667,True,True
15417.335122720653,True,True
16376.123153027924,True,True
16274.042360501451,True,True
15227.049550268903,True,True
17670.24276354134,True,True
28128.48538776485,True,True
23303.613443842598,True,True
19698.643097604407,True,True
17789.565091355245,True,True
22999.258676590558,True,True
17181.49780709201,True,True
9978.282779039057,True,True
21528.83408181736,True,True
12568.619291811172,True,True
25044.71237424101,True,True
20613.51498452403,True,True
18042.204448532153,True,True
21624.62219686558,True,True
20124.50402523946,True,True
27337.014430955933,True,True
16715.120233408903,True,True
16359.559203444996,True,True
20577.522847863023,True,True
22133.000292387904,True,True
24272.1156694675,True,True
11922.443868322769,True,True
25712.338102863672,True,True
10397.103923041926,True,True
22565.234831002366,True,True
25176.653779676213,True,True
18788.27614364104,True,True
15137.186069860192,True,True
25279.275797759597,True,True
15859.529673430368,True,True
19520.754818877744,True,True
15192.313365413615,True,True
20735.80962445627,True,True
16201.949074109083,True,True
21242.21447559113,True,True
25340.506898949785,True,True
16527.910691799385,True,True
21009.422562129606,True,True
7684.235793283042,True,True
25397.441711543586,True,True
25360.702068796927,True,True
17256.426921509643,True,True
24651.96268295453,True,True
23036.504643889668,True,True
9439.196951441456,True,True
20171.593622388107,True,True
19229.933522962543,True,True
25424.403546274538,True,True
17332.379960476115,True,True
15700.087595838802,True,True
24967.13811373678,True,True
20984.23979203462,True,True
15013.639129447152,True,True
23737.163478085226,True,True
20026.967177455837,True,True
25543.26772063318,True,True
17193.211071118923,True,True
11662.184448088745,True,True
23091.452173690363,True,True
15560.864011494124,True,True
25983.229004295936,True,True
13231.195042210786,True,True
21827.781502355865,True,True
17021.142140095304,True,True
24837.83614406939,True,True
24977.57308181803,True,True
16208.589228269719,True,True
6744.307243522178,True,True
15607.848233294602,True,True
17821.302956828826,True,True
25354.249919379356,True,True
24435.102225177106,True,True
24921.402002870116,True,True
20754.41047559974,True,True
14762.322551518248,True,True
21343.479943350147,True,True
19887.060585379753,True,True
17334.287683512302,True,True
8953.050461107572,True,True
36582.57111530069,True,True
18144.263005303597,True,True
19774.221778764368,True,True
20437.38411176535,True,True
25364.501785657638,True,True
18457.862789258324,True,True
17825.931309166517,True,True
25728.228364687828,True,True
17492.308547258785,True,True
25684.20965372731,True,True
15550.384497250578,True,True
25625.25973845907,True,True
9500.122303580427,True,True
23618.47015368472,True,True
16243.63355398818,True,True
18182.8105904189,True,True
16327.479355447327,True,True
11691.813389830038,True,True
15783.367108514145,True,True
25397.099613565333,True,True
25164.01793828869,True,True
25615.601205593674,True,True
21747.408306037527,True,True
7230.357624977536,True,True
20797.492299288628,True,True
24570.189356142553,True,True
15440.011170009258,True,True
17545.30161557043,True,True
17708.55291180317,True,True
10609.374316207037,True,True
25382.473294638956,True,True
22069.347873469676,True,True
16366.56445019708,True,True
20112.412285129394,True,True
20481.48887626743,True,True
17190.660869552023,True,True
18781.027606952888,True,True
9342.04177622536,True,True
25966.63143959926,True,True
15715.870324026846,True,True
20619.934113072093,True,True
11537.879988300476,True,True
22724.176966793908,True,True
19543.828073193043,True,True
17688.654582363968,True,True
22374.54956630153,True,True
16942.093283167393,True,True
17349.709823730052,True,True
19271.14324806857,True,True
17412.576121548067,True,True
25961.59922178847,True,True
25334.63841325177,True,True
25201.761470778663,True,True
19258.738056140974,True,True
22292.428673300252,True,True
25621.929423536152,True,True
17176.57291031286,True,True
18984.329468730728,True,True
24649.927328646787,True,True
12288.680499790436,True,True
24407.83526189482,True,True
16981.81161736146,True,True
21060.12541555908,True,True
21494.911776120927,True,True
19598.510202085283,True,True
25393.79865041048,True,True
25325.89574201926,True,True
25462.41495848119,True,True
12431.80665611235,True,True
25923.889432022846,True,True
11374.668094284736,True,True
15658.077809052584,True,True
29330.095153269118,True,True
16164.945559936456,True,True
24382.641053655076,True,True
19406.731200479997,True,True
15554.735026322824,True,True
23336.03337227291,True,True
25453.50810015352,True,True
18436.443610205864,True,True
25169.92104331083,True,True
7918.513245845252,True,True
21136.082215450115,True,True
9036.756755327458,True,True
22347.683138325116,True,True
19473.962879541366,True,True
17937.46846584395,True,True
25520.90537644309,True,True
25418.0737885254,True,True
14612.01758134172,True,True
25100.2839052332,True,True
11566.208285978699,True,True
9138.775570773398,True,True
19312.414548854344,True,True
25631.13400983576,True,True
17888.543348227453,True,True
7801.9863760149365,True,True
11316.442593079852,True,True
22032.42931212073,True,True
18588.59651814629,True,True
14919.702375573794,True,True
23844.980588851166,True,True
22956.252547008025,True,True
20925.235238615638,True,True
24970.29743427899,True,True
15165.112238477672,True,True
23348.858682701022,True,True
29358.27795815157,True,True
23483.206269879185,True,True
17127.394584535454,True,True
23550.350343826234,True,True
9824.1406084653,True,True
25278.909775114425,True,True
25403.15384786499,True,True
24166.84751087149,True,True
10112.284606039599,True,True
21522.91211904638,True,True
25056.47024209682,True,True
9062.906632474589,True,True
17102.978336010645,True,True
29057.71884199832,True,True
12451.077982061095,True,True
26209.467942464595,True,True
11865.250142262508,True,True
12310.77477048916,True,True
17722.055221765175,True,True
22600.697631165167,True,True
25074.78507123071,True,True
21349.83795525579,True,True
25256.374351156457,True,True
19841.981350658632,True,True
8158.399170430714,True,True
7275.260121007583,True,True
7951.818987253944,True,True
25271.05593851689,True,True
25078.955854669075,True,True
19352.48199553912,True,True
21018.441331102702,True,True
17254.852677152863,True,True
26573.464152173183,True,True
18409.136828710383,True,True
9675.451627878974,True,True
10579.386313878558,True,True
17409.201836047214,True,True
18183.84108778549,True,True
17803.19158500393,True,True
25068.95036487069,True,True
8113.774906582581,True,True
13686.386116178297,True,True
14824.984588002715,True,True
23071.26194592239,True,True
25886.77725223922,True,True
18948.216975195704,True,True
25754.471152168,True,True
17745.741168909466,True,True
25476.093127843727,True,True
26303.829578680823,True,True
19592.64219344269,True,True
23546.257396234796,True,True
11947.723524842546,True,True
25480.656768374523,True,True
21950.51777022171,True,True
16600.007354007874,True,True
23145.97323077773,True,True
21577.532751687642,True,True
14396.892021039188,True,True
21473.4158385753,True,True
21267.92061800454,True,True
13766.537289050388,True,True
24759.234434338112,True,True
25735.563212347468,True,True
20746.90751537925,True,True
16096.656758290448,True,True
25342.63582939677,True,True
22777.21399731804,True,True
11325.352259429965,True,True
17151.83059513291,True,True
21809.244438060356,True,True
22684.38192154582,True,True
15149.042832343508,True,True
19426.647094851498,True,True
21884.142970051616,True,True
15636.843002021611,True,True
9898.20611213454,True,True
21537.730630651135,True,True
7246.834398180437,True,True
25472.233479887207,True,True
25970.118990799136,True,True
13599.287853589276,True,True
20281.930162083852,True,True
27325.171829896455,True,True
25027.749589043953,True,True
20043.14566897811,True,True
23917.00150014696,True,True
9270.963115943097,True,True
15163.14418859081,True,True
9549.71833207627,True,True
17499.376099224908,True,True
6125.549055032003,True,True
22658.428493378455,True,True
20639.553257022148,True,True
18819.964647188674,True,True
15290.301929673447,True,True
24936.3700074184,True,True
26172.364454115355,True,True
11813.16431606028,True,True
22597.67030283006,True,True
24164.970606562645,True,True
21821.06440039145,True,True
21938.843715562016,True,True
6120.505894024669,True,True
13013.462761838297,True,True
18250.139809929788,True,True
10268.103674950411,True,True
20170.414961660994,True,True
19198.89075514087,True,True
20858.178073900606,True,True
21147.997746653433,True,True
7379.477804455424,True,True
25355.909062232044,True,True
25260.51462190751,True,True
18363.599245032325,True,True
16220.769520704182,True,True
16549.76047919007,True,True
19271.72827270777,True,True
23360.641897192283,True,True
15829.304995248787,True,True
15350.444151150323,True,True
16397.306354702814,True,True
21079.592983553146,True,True
17691.856806023905,True,True
13316.278338858436,True,True
18450.087285185586,True,True
17592.465787089983,True,True
15845.43830337373,True,True
22629.48103519294,True,True
8885.955940330206,True,True
6745.639534596272,True,True
25543.237525013443,True,True
15425.91351219162,True,True
20371.822339057027,True,True
21407.318827669944,True,True
21656.723568738424,True,True
16955.09305124623,True,True
17843.641303376335,True,True
16826.584014266602,True,True
27046.44460692128,True,True
15676.430778046795,True,True
20959.765799416964,True,True
10744.639469903335,True,True
20409.252340039013,True,True
18315.093107701916,True,True
24689.11044697863,True,True
13255.304518497387,True,True
16317.000152655199,True,True
24556.412132506273,True,True
21286.449809147856,True,True
22284.419874376268,True,True
25913.406697392842,True,True
22879.796976570535,True,True
20642.686512555272,True,True
15227.40038001231,True,True
25568.275398305384,True,True
24430.676756455534,True,True
15395.577059950227,True,True
23685.574498856688,True,True
23012.394978792632,True,True
21526.491507343857,True,True
23061.72421105067,True,True
18111.43381227895,True,True
25532.05757488015,True,True
15715.337153803119,True,True
27439.621588694583,True,True
22160.760975519734,True,True
18352.014971171055,True,True
19238.19834414561,True,True
25420.903454421285,True,True
19520.713248002365,True,True
20160.14253862998,True,True
18062.234807478817,True,True
20602.426576130587,True,True
27058.1214580588,True,True
20632.52854365659,True,True
23040.236373474334,True,True
10458.03206958595,True,True
25173.939464025105,True,True
15882.06236596824,True,True
24568.563244030767,True,True
14778.691332754448,True,True
25822.367850287672,True,True
24043.510688000264,True,True
17623.69949951445,True,True
25871.799409715954,True,True
20114.988807875292,True,True
18370.32842598411,True,True
25183.308886220257,True,True
17694.986643823155,True,True
25327.7655850753,True,True
21929.071587237144,True,True
22703.892265112794,True,True
17494.685726216507,True,True
19653.53516860064,True,True
23395.685507902155,True,True
17933.336828775333,True,True
12605.256854669244,True,True
15539.000739279529,True,True
10541.067327946383,True,True
15259.517097332488,True,True
25229.6124335402,True,True
16698.073596402406,True,True
18743.6222329726,True,True
18800.421603176997,True,True
25468.682340425512,True,True
18450.835447135745,True,True
22342.336645296025,True,True
19066.47580500431,True,True
8191.500829818056,True,True
25729.70610474053,True,True
22197.31743363577,True,True
23345.409983839563,True,True
19191.27786447096,True,True
16164.114755777671,True,True
15886.229521858915,True,True
18595.36569295061,True,True
19535.285251951642,True,True
12712.449000151868,True,True
18419.854468739322,True,True
18735.5316221856,True,True
26708.249071326878,True,True
20380.4168370852,True,True
23803.514224220766,True,True
23625.572771147985,True,True
13821.0514324605,True,True
25488.734027776365,True,True
24341.558909633008,True,True
6117.199289625154,True,True
25358.121948407184,True,True
22551.673815228467,True,True
24254.449337562615,True,True
19704.350953309564,True,True
24458.108394777468,True,True
17666.297293324405,True,True
25017.54088327456,True,True
18785.917774261157,True,True
20578.65868646586,True,True
20711.550415119753,True,True
25189.44873033595,True,True
18088.20181320326,True,True
16620.72024736509,True,True
20138.735164377707,True,True
12124.976940858249,True,True
25479.678101261456,True,True
19760.876427429022,True,True
11533.659858665276,True,True
23113.541360460844,True,True
19710.8757020103,True,True
20316.651144333184,True,True
16124.278459536587,True,True
17981.944019521172,True,True
25796.30299375872,True,True
15456.141961195835,True,True
7231.585159490705,True,True
29380.577883690188,True,True
28288.385481600526,True,True
15705.748061583492,True,True
7664.0676012773365,True,True
22503.650761361845,True,True
20993.42470973798,True,True
16620.330976895297,True,True
18376.072476961115,True,True
6337.029805140677,True,True
24447.43006313101,True,True
16558.84358473498,True,True
19306.112176333525,True,True
20042.987016088857,True,True
19927.83273324176,True,True
14193.505529313543,True,True
27732.313567875346,True,True
28016.863052767854,True,True
15822.758267345931,True,True
17903.604088995475,True,True
29545.98621425515,True,True
22973.870066022,True,True
11691.398759520198,True,True
11137.286882720055,True,True
12734.502815482925,True,True
25338.22272123558,True,True
23729.470155232382,True,True
7561.305352196801,True,True
11057.718254215039,True,True
6758.016456813917,True,True
19493.828240747833,True,True
8360.834121027661,True,True
22094.706766636635,True,True
19607.085793557213,True,True
15180.196900179568,True,True
9054.498301002644,True,True
25722.778230668016,True,True
16800.99110679258,True,True
11846.159939955514,True,True
19112.241625597515,True,True
20776.62303634105,True,True
23834.296817979477,True,True
15815.237406013426,True,True
24949.051344498752,True,True
16828.16042421516,True,True
10304.465082211129,True,True
20443.05488088591,True,True
23725.22667937845,True,True
25354.80024517148,True,True
22794.028783978967,True,True
19906.263241219407,True,True
23476.081005391934,True,True
25197.171644903945,True,True
16131.023891428706,True,True
17952.750651353086,True,True
11564.775363501596,True,True
17929.243504404032,True,True
15378.453361436414,True,True
20717.440165590815,True,True
15462.863075137728,True,True
13305.364861706395,True,True
9035.2821959411,True,True
19270.896050436386,True,True
25420.536537522144,True,True
25066.06122732089,True,True
9099.941199468334,True,True
15083.480182581152,True,True
11724.947231691498,True,True
16875.42387769201,True,True
17925.68669704935,True,True
22269.04872280098,True,True
14322.30029643088,True,True
20781.13485905177,True,True
15162.309685920862,True,True
15835.925454466798,True,True
21134.034938504836,True,True
20329.96900440287,True,True
16123.176371500575,True,True
19414.815939483153,True,True
25722.80894423271,True,True
18679.15152195932,True,True
22517.56243647593,True,True
17000.41606448043,True,True
28551.325885453654,True,True
11446.202604537953,True,True
25727.807413467526,True,True
16034.2076711871,True,True
19530.60105981661,True,True
9838.312798401565,True,True
24793.774988208548,True,True
19374.99883211719,True,True
10142.631682591584,True,True
9676.595028088204,True,True
14189.230616239722,True,True
16345.440853370093,True,True
23746.36424546894,True,True
16204.184619207243,True,True
26281.176902671556,True,True
18675.464499380647,True,True
24891.643114256032,True,True
24676.43011131526,True,True
25397.65462216789,True,True
18813.038280422777,True,True
23309.818431927408,True,True
20582.726094220212,True,True
22534.70482704344,True,True
16804.355179487364,True,True
15914.218146166897,True,True
17010.632984309952,True,True
25143.45086603114,True,True
24616.92341307237,True,True
20363.211067713793,True,True
15472.360583087395,True,True
18105.750882250926,True,True
13768.22370899062,True,True
29038.476005324213,True,True
19481.650897436215,True,True
20910.549159239778,True,True
25231.149906133676,True,True
14070.422110605874,True,True
15150.481789798958,True,True
15150.481789798958,True,True
17515.935969924765,True,True
25582.843080364022,True,True
20109.040602291105,True,True
15137.078950695877,True,True
22327.801669138396,True,True
21003.544329464727,True,True
17799.376428896387,True,True
24592.195073988605,True,True
20764.61180490379,True,True
19297.15314389471,True,True
15087.049825217537,True,True
17105.74090948367,True,True
9722.78810142734,True,True
8218.421052662932,True,True
20211.17208633118,True,True
7351.788784517697,True,True
24813.92955601675,True,True
13294.053130863014,True,True
8912.409648162025,True,True
18477.346341158154,True,True
24488.78594295359,True,True
24148.52694556915,True,True
25028.322714684604,True,True
25770.49773602798,True,True
18822.082707279817,True,True
19947.823834993756,True,True
22757.56561774569,True,True
11756.142299682147,True,True
10310.401959754545,True,True
12626.26188648999,True,True
18340.037844408624,True,True
25687.15005714731,True,True
20261.760618541084,True,True
8368.781251305556,True,True
15420.999871709379,True,True
14856.080539344066,True,True
19249.301538335465,True,True
12499.536764726625,True,True
20255.907599538332,True,True
25923.14348222258,True,True
15392.892203240424,True,True
20384.156101571323,True,True
25190.117224252375,True,True
25628.271772701053,True,True
12219.085390670845,True,True
17806.09264342412,True,True
25664.999923947467,True,True
24499.468024199174,True,True
20094.182623299144,True,True
20672.24811615026,True,True
17565.314308502406,True,True
23554.47025570167,True,True
16067.94561156077,True,True
24307.587817452288,True,True
25138.025932657176,True,True
21071.262683075547,True,True
26036.35115119297,True,True
12740.029355597679,True,True
18119.573161756744,True,True
21267.25941858446,True,True
21799.481740032614,True,True
25624.727386970488,True,True
22287.88036742601,True,True
25524.056904662477,True,True
22692.823959801688,True,True
25733.22742752242,True,True
24010.23927173917,True,True
25750.534927017346,True,True
15582.453235381128,True,True
18708.104483681025,True,True
25587.757417413384,True,True
25795.39710529631,True,True
21325.80622524464,True,True
10861.044165211006,True,True
23417.871603160347,True,True
17275.940034768602,True,True
25137.420967765,True,True
19361.655509090764,True,True
7815.809865085326,True,True
21938.17278656282,True,True
20188.58067281524,True,True
25408.270741085384,True,True
19344.247887730664,True,True
24509.183891341796,True,True
13603.241913857282,True,True
15665.794776754848,True,True
23900.19702982989,True,True
8122.016677863716,True,True
25425.317689195545,True,True
21512.127950600887,True,True
13792.114784695443,True,True
14646.352192017443,True,True
24506.620007921552,True,True
15416.899437568505,True,True
23281.192074683808,True,True
24433.590395012965,True,True
14991.342985115307,True,True
17316.9707757742,True,True
11020.464337272422,True,True
23112.892639434966,True,True
9898.473725975446,True,True
29494.010888992496,True,True
18866.966807769848,True,True
16064.180814980198,True,True
18925.236266961343,True,True
18985.881696973185,True,True
25536.714457180897,True,True
31084.974946539573,True,True
23990.096115455628,True,True
23476.936230481682,True,True
17414.61432141166,True,True
21966.603348967157,True,True
18874.000866571085,True,True
25503.827897015428,True,True
24943.347842378673,True,True
16633.39284445448,True,True
10400.589534130015,True,True
17379.497573448833,True,True
24344.056169453434,True,True
20174.19247817782,True,True
11872.709616277569,True,True
18168.73412247184,True,True
25297.77181585451,True,True
24298.225568922724,True,True
19235.33579724752,True,True
26674.63941966393,True,True
18988.372878380425,True,True
18822.186599939967,True,True
25197.928698530544,True,True
18586.15449483174,True,True
15691.703401809797,True,True
25035.544304892464,True,True
23133.9415244052,True,True
25687.84841358415,True,True
11060.515510528061,True,True
25537.357395844643,True,True
25622.65609006773,True,True
25827.957801265744,True,True
24652.538763663368,True,True
11989.055141763887,True,True
16453.933003346196,True,True
17530.259678035356,True,True
20913.336167546568,True,True
22160.581107867198,True,True
18742.98262888939,True,True
14926.566235510274,True,True
17775.576760753804,True,True
20935.827353447145,True,True
15672.547157523952,True,True
24801.342624760102,True,True
10136.946086485832,True,True
17210.337052524374,True,True
23024.106747964164,True,True
17479.01100858927,True,True
24988.239787420185,True,True
19278.96422545988,True,True
7701.597604345623,True,True
28402.42036723467,True,True
16451.647747264964,True,True
13252.49894919684,True,True
24474.838339299804,True,True
18651.755716382504,True,True
21886.326254431944,True,True
12849.782143690094,True,True
23592.61229083342,True,True
9220.381765685142,True,True
25195.640976191862,True,True
23412.293348139727,True,True
18662.120190194306,True,True
20761.72716406471,True,True
25325.425796491167,True,True
21874.413098254452,True,True
25757.61052890341,True,True
16827.21745173553,True,True
19866.159489225152,True,True
23816.207973466087,True,True
8334.460575974716,True,True
25515.044264463453,True,True
17592.673316121578,True,True
11099.354837086024,True,True
25627.33731949469,True,True
19018.09330664543,True,True
21857.486150291545,True,True
17228.341379570888,True,True
11012.899752694459,True,True
22009.225932370027,True,True
23913.013157471578,True,True
22409.45248513398,True,True
19089.32991542545,True,True
17597.156607834775,True,True
15608.781797226336,True,True
23505.00659997893,True,True
14086.274908606392,True,True
25814.428144988116,True,True
13037.550568351906,True,True
8311.888257662447,True,True
24335.447346841233,True,True
23558.65936771877,True,True
21419.715817696975,True,True
25273.928751959975,True,True
17634.62277871379,True,True
21464.868961526772,True,True
24915.01972854646,True,True
21904.590214862208,True,True
24992.08897401204,True,True
25927.886136466033,True,True
17647.586286285055,True,True
24626.857936007567,True,True
15755.191452853798,True,True
28709.880526556095,True,True
23100.73274099816,True,True
15653.809170802933,True,True
25359.24671003104,True,True
25241.33460356004,True,True
26368.59224810356,True,True
24006.184168453394,True,True
15328.4944718554,True,True
13660.433656197063,True,True
16898.000688887674,True,True
17968.689574034834,True,True
11432.381733785782,True,True
17218.809123306317,True,True
20374.15535847188,True,True
19530.531831788765,True,True
13573.67227351802,True,True
20717.81613930883,True,True
25349.76849162382,True,True
22417.32498900783,True,True
7077.76497475249,True,True
23117.91483892949,True,True
22139.33851305989,True,True
8018.8583815770435,True,True
14156.837709522182,True,True
26207.00721930089,True,True
20893.13124048273,True,True
25229.55002350858,True,True
23062.877194112658,True,True
25373.866345914976,True,True
13376.61671988203,True,True
18954.87523142461,True,True
25455.93444101393,True,True
18157.475038184988,True,True
24624.3152674284,True,True
19477.031903441355,True,True
13926.424322059926,True,True
16900.42064966105,True,True
24990.96773898833,True,True
19473.410526659747,True,True
26054.785393132654,True,True
19681.329354321613,True,True
25870.650373588047,True,True
25547.249448185947,True,True
19949.01538413298,True,True
11204.583529763517,True,True
15579.938541739588,True,True
20044.571458932056,True,True
24113.304089894104,True,True
11685.212285275427,True,True
25023.58147287501,True,True
23167.670490505883,True,True
19908.84842703241,True,True
24676.355359536406,True,True
17060.405523420894,True,True
8158.711302077625,True,True
14935.026501026392,True,True
24782.287234351246,True,True
19540.00991916032,True,True
16895.11758836644,True,True
21945.233992191294,True,True
4240.072315784917,True,True
19675.99388735566,True,True
22045.151981722993,True,True
24198.691022222658,True,True
16836.55501042905,True,True
25707.999794963696,True,True
11925.247578030958,True,True
28886.26410069081,True,True
23273.220296653097,True,True
25025.314545165253,True,True
25303.493962893197,True,True
26495.69110911381,True,True
19416.678098878983,True,True
24987.54901890716,True,True
16629.805475228815,True,True
24333.65299560415,True,True
24776.107355262582,True,True
10344.700141405703,True,True
16697.132939694216,True,True
25559.018151048564,True,True
12666.633162241202,True,True
15468.709723681086,True,True
25605.474963589673,True,True
18995.042799059782,True,True
21052.424745154472,True,True
21044.663334590332,True,True
18404.31309261611,True,True
24670.315891014885,True,True
7011.2822554503455,True,True
26217.582904692725,True,True
12229.084772932225,True,True
13412.836692579705,True,True
16738.247563804733,True,True
15704.197722063342,True,True
25536.556072169886,True,True
26172.901060468284,True,True
16366.822628820462,True,True
8128.420238117398,True,True
23727.211067732416,True,True
25642.721175195526,True,True
21393.302806439635,True,True
25195.327589348824,True,True
17754.877281596648,True,True
17754.877281596648,True,True
21926.24788727602,True,True
24682.37005110407,True,True
15756.787737203264,True,True
8516.220570516014,True,True
25329.171575157554,True,True
13123.909813048182,True,True
25421.47698679733,True,True
16039.82835928532,True,True
18723.977693699315,True,True
25367.308856287236,True,True
25516.995497792544,True,True
24325.709419982908,True,True
6558.045593368823,True,True
24124.37796027438,True,True
15083.142853105785,True,True
23259.884425573036,True,True
25906.066914180337,True,True
24718.111757850158,True,True
14966.696829271406,True,True
12415.068829160255,True,True
25452.484121841037,True,True
23926.756424455845,True,True
24282.49136279473,True,True
14065.211259989663,True,True
22086.197261695525,True,True
16962.426463175292,True,True
22784.666603263606,True,True
25329.58111315166,True,True
16938.7835019997,True,True
25824.375602426757,True,True
23460.764132117816,True,True
20160.07121422549,True,True
11845.678042554831,True,True
22322.966895454614,True,True
17197.47690220333,True,True
19775.360820653303,True,True
10621.360288277656,True,True
25534.21289598816,True,True
16653.08712287561,True,True
16243.044212408635,True,True
15223.423176853104,True,True
24012.51460865228,True,True
17957.713641606257,True,True
25307.024118209163,True,True
16859.522915316997,True,True
16702.780534278987,True,True
22399.70458954582,True,True
18074.34842876935,True,True
27632.24853107638,True,True
16125.992034206243,True,True
17767.577712749182,True,True
23839.116021682472,True,True
7387.996383993488,True,True
27284.337847477258,True,True
11988.66488183868,True,True
25013.538083214014,True,True
25302.1858695255,True,True
22576.012451119426,True,True
21457.351382975452,True,True
22505.947882935863,True,True
24912.02464852947,True,True
17044.19411392565,True,True
13354.370481708582,True,True
15052.155088165864,True,True
19984.59817137545,True,True
14260.874696066674,True,True
19309.00189649574,True,True
16653.58329860348,True,True
11696.942416255033,True,True
18754.591702504353,True,True
7379.340455171427,True,True
21891.374124564543,True,True
18382.54469429655,True,True
25348.25590859601,True,True
19417.273324487356,True,True
17064.658042567768,True,True
24592.678095247888,True,True
15870.585791474372,True,True
20509.722673547723,True,True
20899.106347406923,True,True
25630.53843757604,True,True
24696.90603952494,True,True
19942.979745425255,True,True
24331.432462262957,True,True
15773.600631212927,True,True
25102.015365728606,True,True
16767.36505105401,True,True
22978.679173550918,True,True
15127.898200476355,True,True
25098.2593558058,True,True
24853.224348433483,True,True
22285.051677896503,True,True
25419.627499350936,True,True
24750.677572968434,True,True
19930.07811066413,True,True
24450.29693415488,True,True
21969.091434051363,True,True
16970.116771330162,True,True
9135.911850723782,True,True
25202.688927270334,True,True
20619.294871640188,True,True
18827.274642544922,True,True
7794.689557693278,True,True
17316.949427494474,True,True
22591.06820704046,True,True
9790.265618666768,True,True
21526.954395915018,True,True
12538.89354930084,True,True
14710.403056961233,True,True
25630.54673195831,True,True
24480.994118949384,True,True
14075.654322648988,True,True
9408.448803836229,True,True
21473.38744521988,True,True
25361.741213591955,True,True
19692.17738122626,True,True
21708.179260281006,True,True
23794.630933061802,True,True
16818.068493856124,True,True
15703.348899818466,True,True
15127.351307418898,True,True
14674.763539231943,True,True
21114.9636775807,True,True
17983.757196120532,True,True
20833.198217394976,True,True
6123.317515108398,True,True
15080.802030801427,True,True
22030.189691312233,True,True
20095.777868089375,True,True
25013.451154748338,True,True
26022.9728328458,True,True
14752.117825708541,True,True
25010.070997227573,True,True
16745.18025774473,True,True
6531.086698842048,True,True
28530.343984039988,True,True
20996.00065540109,True,True
22496.84537103906,True,True
17822.234716307015,True,True
25546.80795362703,True,True
16094.132132930614,True,True
25340.842661839553,True,True
20337.30003663234,True,True
17897.979140354913,True,True
17462.94865303042,True,True
20099.406650849192,True,True
19076.879033192083,True,True
15834.62123648788,True,True
18557.153433002193,True,True
14672.567225034682,True,True
27868.075411707592,True,True
18189.426056252756,True,True
17458.023863789975,True,True
8264.172445774104,True,True
16227.0497489996,True,True
25128.622206839565,True,True
21185.265326966033,True,True
24887.443699046442,True,True
14996.61070634314,True,True
19935.41846931212,True,True
25433.16864113655,True,True
20992.75175490832,True,True
21556.07408714388,True,True
19225.32420710069,True,True
27283.130059594994,True,True
25060.70201996813,True,True
23163.64035452078,True,True
25697.32148110378,True,True
25041.699698972916,True,True
21452.697983101836,True,True
7814.8963132025365,True,True
20537.232924151056,True,True
20054.65722045958,True,True
15447.575567811278,True,True
14530.209732180052,True,True
19651.475865596458,True,True
25245.106715492744,True,True
16040.379782147404,True,True
21526.818513200873,True,True
13191.609811753522,True,True
6916.768057587322,True,True
7892.710151708745,True,True
24731.36092447475,True,True
21418.20166146393,True,True
18853.941267695947,True,True
15964.842878223388,True,True
20417.651417546535,True,True
10978.371075855897,True,True
23546.733844785493,True,True
19496.107402685273,True,True
25321.14852195877,True,True
9297.862695900141,True,True
10278.723461682423,True,True
8865.761279244167,True,True
24623.88607629991,True,True
14075.004187042938,True,True
15814.466358418438,True,True
22892.155335643933,True,True
22311.09429178531,True,True
11604.601576763882,True,True
20158.67378551895,True,True
20806.834717561756,True,True
15929.86537598339,True,True
17395.93969551917,True,True
16046.608204666436,True,True
25285.996171173232,True,True
14561.040763321083,True,True
14873.837725847345,True,True
15253.369977829903,True,True
18983.59643892359,True,True
17963.36117557413,True,True
25246.69484149277,True,True
15225.48455434802,True,True
11871.13517610941,True,True
18908.30583599045,True,True
25356.667270436395,True,True
26397.394935726014,True,True
15161.054548302183,True,True
20989.48876115113,True,True
14873.394830378997,True,True
29322.696105239927,True,True
9589.065857564985,True,True
26554.778708706042,True,True
16910.753147285097,True,True
14820.275070226524,True,True
6355.927085495059,True,True
16333.152440673499,True,True
19019.12161119497,True,True
18160.500305915863,True,True
16218.709755448137,True,True
25170.215385338644,True,True
25457.213372240323,True,True
19944.146809034857,True,True
14964.638990535745,True,True
21190.002155782648,True,True
22848.245331288686,True,True
12705.85032785916,True,True
15492.663282939171,True,True
18534.33856537198,True,True
15338.100411984831,True,True
25251.48173553044,True,True
5959.123759410342,True,True
24874.292841225542,True,True
25420.954370049418,True,True
21841.94461338767,True,True
18796.042264694137,True,True
24133.565675649803,True,True
24454.120332511444,True,True
18342.20745877015,True,True
15560.536914709004,True,True
16827.8987242852,True,True
23845.55519814288,True,True
22445.41113521559,True,True
19490.559728233064,True,True
24837.533058317556,True,True
16592.009029956167,True,True
25754.958580369606,True,True
17647.92831157809,True,True
13494.356053221494,True,True
17557.78600632716,True,True
23917.866090438612,True,True
20450.702233468284,True,True
23290.178741225507,True,True
22843.955078529114,True,True
14710.72857851376,True,True
9634.602289113365,True,True
16054.84104499297,True,True
24262.88836159012,True,True
25013.37582602064,True,True
26354.475082878467,True,True
22534.132653920457,True,True
25359.793233021635,True,True
16496.709383620328,True,True
25151.91115510481,True,True
22346.229542957557,True,True
20144.980407530988,True,True
18568.63036497746,True,True
21496.86972082102,True,True
18844.508050636294,True,True
16399.525050325676,True,True
27275.09064194659,True,True
12312.776488677562,True,True
22789.92801670263,True,True
20534.905913008683,True,True
19108.54105021407,True,True
12546.83209513776,True,True
22990.936278063826,True,True
20243.193863558437,True,True
25418.35368791016,True,True
22213.75372409537,True,True
22213.75372409537,True,True
20665.94439962147,True,True
18634.938122139472,True,True
9832.81630921691,True,True
25563.398509945226,True,True
17332.090007566636,True,True
14994.296675408385,True,True
17922.652915308594,True,True
15650.941880632456,True,True
28231.603026637247,True,True
29009.982559086216,True,True
25088.698843781713,True,True
17491.463458101724,True,True
17580.92496835568,True,True
19847.339561115306,True,True
8098.266463893529,True,True
23230.80568356681,True,True
22012.59406036444,True,True
25488.57877524151,True,True
15747.145357817135,True,True
9145.04964737334,True,True
27359.457193705224,True,True
23407.357570048123,True,True
16410.69278087769,True,True
22208.695875305297,True,True
24838.832453049537,True,True
19990.624998222025,True,True
13034.132053525655,True,True
28071.143628772028,True,True
11261.762066674415,True,True
24675.659219634887,True,True
20489.23255255914,True,True
17732.858795548826,True,True
22520.439473655533,True,True
6025.91613075924,True,True
8706.330299925714,True,True
25648.726829321655,True,True
7462.104575319581,True,True
15221.122114986285,True,True
17292.853069365072,True,True
20665.656277362905,True,True
27382.340320510473,True,True
25165.870030654754,True,True
25082.24318819005,True,True
17063.10661849325,True,True
24944.8405506821,True,True
10023.854373016797,True,True
8921.18180156506,True,True
25718.99723671814,True,True
15774.736084876624,True,True
23488.808771197226,True,True
8523.566352385125,True,True
17923.1804854681,True,True
24748.312470657504,True,True
17776.59443787192,True,True
18558.42489750915,True,True
18358.43434326444,True,True
17601.48877608344,True,True
17280.362888448748,True,True
21794.223197597552,True,True
17753.26492640553,True,True
18011.156896367196,True,True
20573.172952381523,True,True
25389.551089241417,True,True
25389.551089241417,True,True
20578.320289126546,True,True
21307.079920081866,True,True
11385.592810685179,True,True
14347.95087805998,True,True
19498.819705489543,True,True
23564.472044873884,True,True
16195.003431614014,True,True
25775.126808090223,True,True
23249.043950847066,True,True
8826.307336100652,True,True
